uid,jobid,start_time,end_time,darshan_log_version,exe,nprocs,runtime,total_BGQ_CSJOBID,total_BGQ_NNODES,total_BGQ_RANKSPERNODE,total_BGQ_DDRPERNODE,total_BGQ_INODES,total_BGQ_ANODES,total_BGQ_BNODES,total_BGQ_CNODES,total_BGQ_DNODES,total_BGQ_ENODES,total_BGQ_TORUSENABLED,total_BGQ_F_TIMESTAMP,total_H5D_OPENS,total_H5D_READS,total_H5D_WRITES,total_H5D_FLUSHES,total_H5D_BYTES_READ,total_H5D_BYTES_WRITTEN,total_H5D_RW_SWITCHES,total_H5D_REGULAR_HYPERSLAB_SELECTS,total_H5D_IRREGULAR_HYPERSLAB_SELECTS,total_H5D_POINT_SELECTS,total_H5D_MAX_READ_TIME_SIZE,total_H5D_MAX_WRITE_TIME_SIZE,total_H5D_SIZE_READ_AGG_0_100,total_H5D_SIZE_READ_AGG_100_1K,total_H5D_SIZE_READ_AGG_1K_10K,total_H5D_SIZE_READ_AGG_10K_100K,total_H5D_SIZE_READ_AGG_100K_1M,total_H5D_SIZE_READ_AGG_1M_4M,total_H5D_SIZE_READ_AGG_4M_10M,total_H5D_SIZE_READ_AGG_10M_100M,total_H5D_SIZE_READ_AGG_100M_1G,total_H5D_SIZE_READ_AGG_1G_PLUS,total_H5D_SIZE_WRITE_AGG_0_100,total_H5D_SIZE_WRITE_AGG_100_1K,total_H5D_SIZE_WRITE_AGG_1K_10K,total_H5D_SIZE_WRITE_AGG_10K_100K,total_H5D_SIZE_WRITE_AGG_100K_1M,total_H5D_SIZE_WRITE_AGG_1M_4M,total_H5D_SIZE_WRITE_AGG_4M_10M,total_H5D_SIZE_WRITE_AGG_10M_100M,total_H5D_SIZE_WRITE_AGG_100M_1G,total_H5D_SIZE_WRITE_AGG_1G_PLUS,total_H5D_ACCESS1_ACCESS,total_H5D_ACCESS1_LENGTH_D1,total_H5D_ACCESS1_LENGTH_D2,total_H5D_ACCESS1_LENGTH_D3,total_H5D_ACCESS1_LENGTH_D4,total_H5D_ACCESS1_LENGTH_D5,total_H5D_ACCESS1_STRIDE_D1,total_H5D_ACCESS1_STRIDE_D2,total_H5D_ACCESS1_STRIDE_D3,total_H5D_ACCESS1_STRIDE_D4,total_H5D_ACCESS1_STRIDE_D5,total_H5D_ACCESS2_ACCESS,total_H5D_ACCESS2_LENGTH_D1,total_H5D_ACCESS2_LENGTH_D2,total_H5D_ACCESS2_LENGTH_D3,total_H5D_ACCESS2_LENGTH_D4,total_H5D_ACCESS2_LENGTH_D5,total_H5D_ACCESS2_STRIDE_D1,total_H5D_ACCESS2_STRIDE_D2,total_H5D_ACCESS2_STRIDE_D3,total_H5D_ACCESS2_STRIDE_D4,total_H5D_ACCESS2_STRIDE_D5,total_H5D_ACCESS3_ACCESS,total_H5D_ACCESS3_LENGTH_D1,total_H5D_ACCESS3_LENGTH_D2,total_H5D_ACCESS3_LENGTH_D3,total_H5D_ACCESS3_LENGTH_D4,total_H5D_ACCESS3_LENGTH_D5,total_H5D_ACCESS3_STRIDE_D1,total_H5D_ACCESS3_STRIDE_D2,total_H5D_ACCESS3_STRIDE_D3,total_H5D_ACCESS3_STRIDE_D4,total_H5D_ACCESS3_STRIDE_D5,total_H5D_ACCESS4_ACCESS,total_H5D_ACCESS4_LENGTH_D1,total_H5D_ACCESS4_LENGTH_D2,total_H5D_ACCESS4_LENGTH_D3,total_H5D_ACCESS4_LENGTH_D4,total_H5D_ACCESS4_LENGTH_D5,total_H5D_ACCESS4_STRIDE_D1,total_H5D_ACCESS4_STRIDE_D2,total_H5D_ACCESS4_STRIDE_D3,total_H5D_ACCESS4_STRIDE_D4,total_H5D_ACCESS4_STRIDE_D5,total_H5D_ACCESS1_COUNT,total_H5D_ACCESS2_COUNT,total_H5D_ACCESS3_COUNT,total_H5D_ACCESS4_COUNT,total_H5D_DATASPACE_NDIMS,total_H5D_DATASPACE_NPOINTS,total_H5D_DATATYPE_SIZE,total_H5D_CHUNK_SIZE_D1,total_H5D_CHUNK_SIZE_D2,total_H5D_CHUNK_SIZE_D3,total_H5D_CHUNK_SIZE_D4,total_H5D_CHUNK_SIZE_D5,total_H5D_USE_MPIIO_COLLECTIVE,total_H5D_USE_DEPRECATED,total_H5D_FASTEST_RANK,total_H5D_FASTEST_RANK_BYTES,total_H5D_SLOWEST_RANK,total_H5D_SLOWEST_RANK_BYTES,total_H5D_F_OPEN_START_TIMESTAMP,total_H5D_F_READ_START_TIMESTAMP,total_H5D_F_WRITE_START_TIMESTAMP,total_H5D_F_CLOSE_START_TIMESTAMP,total_H5D_F_OPEN_END_TIMESTAMP,total_H5D_F_READ_END_TIMESTAMP,total_H5D_F_WRITE_END_TIMESTAMP,total_H5D_F_CLOSE_END_TIMESTAMP,total_H5D_F_READ_TIME,total_H5D_F_WRITE_TIME,total_H5D_F_META_TIME,total_H5D_F_MAX_READ_TIME,total_H5D_F_MAX_WRITE_TIME,total_H5D_F_FASTEST_RANK_TIME,total_H5D_F_SLOWEST_RANK_TIME,total_H5D_F_VARIANCE_RANK_TIME,total_H5D_F_VARIANCE_RANK_BYTES,total_H5F_OPENS,total_H5F_FLUSHES,total_H5F_USE_MPIIO,total_H5F_F_OPEN_START_TIMESTAMP,total_H5F_F_CLOSE_START_TIMESTAMP,total_H5F_F_OPEN_END_TIMESTAMP,total_H5F_F_CLOSE_END_TIMESTAMP,total_H5F_F_META_TIME,total_LUSTRE_OSTS,total_LUSTRE_MDTS,total_LUSTRE_STRIPE_OFFSET,total_LUSTRE_STRIPE_SIZE,total_LUSTRE_STRIPE_WIDTH,total_MPIIO_INDEP_OPENS,total_MPIIO_COLL_OPENS,total_MPIIO_INDEP_READS,total_MPIIO_INDEP_WRITES,total_MPIIO_COLL_READS,total_MPIIO_COLL_WRITES,total_MPIIO_SPLIT_READS,total_MPIIO_SPLIT_WRITES,total_MPIIO_NB_READS,total_MPIIO_NB_WRITES,total_MPIIO_SYNCS,total_MPIIO_HINTS,total_MPIIO_VIEWS,total_MPIIO_MODE,total_MPIIO_BYTES_READ,total_MPIIO_BYTES_WRITTEN,total_MPIIO_RW_SWITCHES,total_MPIIO_MAX_READ_TIME_SIZE,total_MPIIO_MAX_WRITE_TIME_SIZE,total_MPIIO_SIZE_READ_AGG_0_100,total_MPIIO_SIZE_READ_AGG_100_1K,total_MPIIO_SIZE_READ_AGG_1K_10K,total_MPIIO_SIZE_READ_AGG_10K_100K,total_MPIIO_SIZE_READ_AGG_100K_1M,total_MPIIO_SIZE_READ_AGG_1M_4M,total_MPIIO_SIZE_READ_AGG_4M_10M,total_MPIIO_SIZE_READ_AGG_10M_100M,total_MPIIO_SIZE_READ_AGG_100M_1G,total_MPIIO_SIZE_READ_AGG_1G_PLUS,total_MPIIO_SIZE_WRITE_AGG_0_100,total_MPIIO_SIZE_WRITE_AGG_100_1K,total_MPIIO_SIZE_WRITE_AGG_1K_10K,total_MPIIO_SIZE_WRITE_AGG_10K_100K,total_MPIIO_SIZE_WRITE_AGG_100K_1M,total_MPIIO_SIZE_WRITE_AGG_1M_4M,total_MPIIO_SIZE_WRITE_AGG_4M_10M,total_MPIIO_SIZE_WRITE_AGG_10M_100M,total_MPIIO_SIZE_WRITE_AGG_100M_1G,total_MPIIO_SIZE_WRITE_AGG_1G_PLUS,total_MPIIO_ACCESS1_ACCESS,total_MPIIO_ACCESS2_ACCESS,total_MPIIO_ACCESS3_ACCESS,total_MPIIO_ACCESS4_ACCESS,total_MPIIO_ACCESS1_COUNT,total_MPIIO_ACCESS2_COUNT,total_MPIIO_ACCESS3_COUNT,total_MPIIO_ACCESS4_COUNT,total_MPIIO_FASTEST_RANK,total_MPIIO_FASTEST_RANK_BYTES,total_MPIIO_SLOWEST_RANK,total_MPIIO_SLOWEST_RANK_BYTES,total_MPIIO_F_OPEN_START_TIMESTAMP,total_MPIIO_F_READ_START_TIMESTAMP,total_MPIIO_F_WRITE_START_TIMESTAMP,total_MPIIO_F_CLOSE_START_TIMESTAMP,total_MPIIO_F_OPEN_END_TIMESTAMP,total_MPIIO_F_READ_END_TIMESTAMP,total_MPIIO_F_WRITE_END_TIMESTAMP,total_MPIIO_F_CLOSE_END_TIMESTAMP,total_MPIIO_F_READ_TIME,total_MPIIO_F_WRITE_TIME,total_MPIIO_F_META_TIME,total_MPIIO_F_MAX_READ_TIME,total_MPIIO_F_MAX_WRITE_TIME,total_MPIIO_F_FASTEST_RANK_TIME,total_MPIIO_F_SLOWEST_RANK_TIME,total_MPIIO_F_VARIANCE_RANK_TIME,total_MPIIO_F_VARIANCE_RANK_BYTES,total_PNETCDF_FILE_CREATES,total_PNETCDF_FILE_OPENS,total_PNETCDF_FILE_REDEFS,total_PNETCDF_FILE_INDEP_WAITS,total_PNETCDF_FILE_COLL_WAITS,total_PNETCDF_FILE_SYNCS,total_PNETCDF_FILE_BYTES_READ,total_PNETCDF_FILE_BYTES_WRITTEN,total_PNETCDF_FILE_WAIT_FAILURES,total_PNETCDF_FILE_F_OPEN_START_TIMESTAMP,total_PNETCDF_FILE_F_CLOSE_START_TIMESTAMP,total_PNETCDF_FILE_F_WAIT_START_TIMESTAMP,total_PNETCDF_FILE_F_OPEN_END_TIMESTAMP,total_PNETCDF_FILE_F_CLOSE_END_TIMESTAMP,total_PNETCDF_FILE_F_WAIT_END_TIMESTAMP,total_PNETCDF_FILE_F_META_TIME,total_PNETCDF_FILE_F_WAIT_TIME,total_PNETCDF_VAR_OPENS,total_PNETCDF_VAR_INDEP_READS,total_PNETCDF_VAR_INDEP_WRITES,total_PNETCDF_VAR_COLL_READS,total_PNETCDF_VAR_COLL_WRITES,total_PNETCDF_VAR_NB_READS,total_PNETCDF_VAR_NB_WRITES,total_PNETCDF_VAR_BYTES_READ,total_PNETCDF_VAR_BYTES_WRITTEN,total_PNETCDF_VAR_RW_SWITCHES,total_PNETCDF_VAR_PUT_VAR,total_PNETCDF_VAR_PUT_VAR1,total_PNETCDF_VAR_PUT_VARA,total_PNETCDF_VAR_PUT_VARS,total_PNETCDF_VAR_PUT_VARM,total_PNETCDF_VAR_PUT_VARN,total_PNETCDF_VAR_PUT_VARD,total_PNETCDF_VAR_GET_VAR,total_PNETCDF_VAR_GET_VAR1,total_PNETCDF_VAR_GET_VARA,total_PNETCDF_VAR_GET_VARS,total_PNETCDF_VAR_GET_VARM,total_PNETCDF_VAR_GET_VARN,total_PNETCDF_VAR_GET_VARD,total_PNETCDF_VAR_IPUT_VAR,total_PNETCDF_VAR_IPUT_VAR1,total_PNETCDF_VAR_IPUT_VARA,total_PNETCDF_VAR_IPUT_VARS,total_PNETCDF_VAR_IPUT_VARM,total_PNETCDF_VAR_IPUT_VARN,total_PNETCDF_VAR_IGET_VAR,total_PNETCDF_VAR_IGET_VAR1,total_PNETCDF_VAR_IGET_VARA,total_PNETCDF_VAR_IGET_VARS,total_PNETCDF_VAR_IGET_VARM,total_PNETCDF_VAR_IGET_VARN,total_PNETCDF_VAR_BPUT_VAR,total_PNETCDF_VAR_BPUT_VAR1,total_PNETCDF_VAR_BPUT_VARA,total_PNETCDF_VAR_BPUT_VARS,total_PNETCDF_VAR_BPUT_VARM,total_PNETCDF_VAR_BPUT_VARN,total_PNETCDF_VAR_MAX_READ_TIME_SIZE,total_PNETCDF_VAR_MAX_WRITE_TIME_SIZE,total_PNETCDF_VAR_SIZE_READ_AGG_0_100,total_PNETCDF_VAR_SIZE_READ_AGG_100_1K,total_PNETCDF_VAR_SIZE_READ_AGG_1K_10K,total_PNETCDF_VAR_SIZE_READ_AGG_10K_100K,total_PNETCDF_VAR_SIZE_READ_AGG_100K_1M,total_PNETCDF_VAR_SIZE_READ_AGG_1M_4M,total_PNETCDF_VAR_SIZE_READ_AGG_4M_10M,total_PNETCDF_VAR_SIZE_READ_AGG_10M_100M,total_PNETCDF_VAR_SIZE_READ_AGG_100M_1G,total_PNETCDF_VAR_SIZE_READ_AGG_1G_PLUS,total_PNETCDF_VAR_SIZE_WRITE_AGG_0_100,total_PNETCDF_VAR_SIZE_WRITE_AGG_100_1K,total_PNETCDF_VAR_SIZE_WRITE_AGG_1K_10K,total_PNETCDF_VAR_SIZE_WRITE_AGG_10K_100K,total_PNETCDF_VAR_SIZE_WRITE_AGG_100K_1M,total_PNETCDF_VAR_SIZE_WRITE_AGG_1M_4M,total_PNETCDF_VAR_SIZE_WRITE_AGG_4M_10M,total_PNETCDF_VAR_SIZE_WRITE_AGG_10M_100M,total_PNETCDF_VAR_SIZE_WRITE_AGG_100M_1G,total_PNETCDF_VAR_SIZE_WRITE_AGG_1G_PLUS,total_PNETCDF_VAR_ACCESS1_ACCESS,total_PNETCDF_VAR_ACCESS1_LENGTH_D1,total_PNETCDF_VAR_ACCESS1_LENGTH_D2,total_PNETCDF_VAR_ACCESS1_LENGTH_D3,total_PNETCDF_VAR_ACCESS1_LENGTH_D4,total_PNETCDF_VAR_ACCESS1_LENGTH_D5,total_PNETCDF_VAR_ACCESS1_STRIDE_D1,total_PNETCDF_VAR_ACCESS1_STRIDE_D2,total_PNETCDF_VAR_ACCESS1_STRIDE_D3,total_PNETCDF_VAR_ACCESS1_STRIDE_D4,total_PNETCDF_VAR_ACCESS1_STRIDE_D5,total_PNETCDF_VAR_ACCESS2_ACCESS,total_PNETCDF_VAR_ACCESS2_LENGTH_D1,total_PNETCDF_VAR_ACCESS2_LENGTH_D2,total_PNETCDF_VAR_ACCESS2_LENGTH_D3,total_PNETCDF_VAR_ACCESS2_LENGTH_D4,total_PNETCDF_VAR_ACCESS2_LENGTH_D5,total_PNETCDF_VAR_ACCESS2_STRIDE_D1,total_PNETCDF_VAR_ACCESS2_STRIDE_D2,total_PNETCDF_VAR_ACCESS2_STRIDE_D3,total_PNETCDF_VAR_ACCESS2_STRIDE_D4,total_PNETCDF_VAR_ACCESS2_STRIDE_D5,total_PNETCDF_VAR_ACCESS3_ACCESS,total_PNETCDF_VAR_ACCESS3_LENGTH_D1,total_PNETCDF_VAR_ACCESS3_LENGTH_D2,total_PNETCDF_VAR_ACCESS3_LENGTH_D3,total_PNETCDF_VAR_ACCESS3_LENGTH_D4,total_PNETCDF_VAR_ACCESS3_LENGTH_D5,total_PNETCDF_VAR_ACCESS3_STRIDE_D1,total_PNETCDF_VAR_ACCESS3_STRIDE_D2,total_PNETCDF_VAR_ACCESS3_STRIDE_D3,total_PNETCDF_VAR_ACCESS3_STRIDE_D4,total_PNETCDF_VAR_ACCESS3_STRIDE_D5,total_PNETCDF_VAR_ACCESS4_ACCESS,total_PNETCDF_VAR_ACCESS4_LENGTH_D1,total_PNETCDF_VAR_ACCESS4_LENGTH_D2,total_PNETCDF_VAR_ACCESS4_LENGTH_D3,total_PNETCDF_VAR_ACCESS4_LENGTH_D4,total_PNETCDF_VAR_ACCESS4_LENGTH_D5,total_PNETCDF_VAR_ACCESS4_STRIDE_D1,total_PNETCDF_VAR_ACCESS4_STRIDE_D2,total_PNETCDF_VAR_ACCESS4_STRIDE_D3,total_PNETCDF_VAR_ACCESS4_STRIDE_D4,total_PNETCDF_VAR_ACCESS4_STRIDE_D5,total_PNETCDF_VAR_ACCESS1_COUNT,total_PNETCDF_VAR_ACCESS2_COUNT,total_PNETCDF_VAR_ACCESS3_COUNT,total_PNETCDF_VAR_ACCESS4_COUNT,total_PNETCDF_VAR_NDIMS,total_PNETCDF_VAR_NPOINTS,total_PNETCDF_VAR_DATATYPE_SIZE,total_PNETCDF_VAR_IS_RECORD_VAR,total_PNETCDF_VAR_FASTEST_RANK,total_PNETCDF_VAR_FASTEST_RANK_BYTES,total_PNETCDF_VAR_SLOWEST_RANK,total_PNETCDF_VAR_SLOWEST_RANK_BYTES,total_PNETCDF_VAR_F_OPEN_START_TIMESTAMP,total_PNETCDF_VAR_F_READ_START_TIMESTAMP,total_PNETCDF_VAR_F_WRITE_START_TIMESTAMP,total_PNETCDF_VAR_F_CLOSE_START_TIMESTAMP,total_PNETCDF_VAR_F_OPEN_END_TIMESTAMP,total_PNETCDF_VAR_F_READ_END_TIMESTAMP,total_PNETCDF_VAR_F_WRITE_END_TIMESTAMP,total_PNETCDF_VAR_F_CLOSE_END_TIMESTAMP,total_PNETCDF_VAR_F_READ_TIME,total_PNETCDF_VAR_F_WRITE_TIME,total_PNETCDF_VAR_F_META_TIME,total_PNETCDF_VAR_F_MAX_READ_TIME,total_PNETCDF_VAR_F_MAX_WRITE_TIME,total_PNETCDF_VAR_F_FASTEST_RANK_TIME,total_PNETCDF_VAR_F_SLOWEST_RANK_TIME,total_PNETCDF_VAR_F_VARIANCE_RANK_TIME,total_PNETCDF_VAR_F_VARIANCE_RANK_BYTES,total_POSIX_OPENS,total_POSIX_FILENOS,total_POSIX_DUPS,total_POSIX_READS,total_POSIX_WRITES,total_POSIX_SEEKS,total_POSIX_STATS,total_POSIX_MMAPS,total_POSIX_FSYNCS,total_POSIX_FDSYNCS,total_POSIX_RENAME_SOURCES,total_POSIX_RENAME_TARGETS,total_POSIX_RENAMED_FROM,total_POSIX_MODE,total_POSIX_BYTES_READ,total_POSIX_BYTES_WRITTEN,total_POSIX_MAX_BYTE_READ,total_POSIX_MAX_BYTE_WRITTEN,total_POSIX_CONSEC_READS,total_POSIX_CONSEC_WRITES,total_POSIX_SEQ_READS,total_POSIX_SEQ_WRITES,total_POSIX_RW_SWITCHES,total_POSIX_MEM_NOT_ALIGNED,total_POSIX_MEM_ALIGNMENT,total_POSIX_FILE_NOT_ALIGNED,total_POSIX_FILE_ALIGNMENT,total_POSIX_MAX_READ_TIME_SIZE,total_POSIX_MAX_WRITE_TIME_SIZE,total_POSIX_SIZE_READ_0_100,total_POSIX_SIZE_READ_100_1K,total_POSIX_SIZE_READ_1K_10K,total_POSIX_SIZE_READ_10K_100K,total_POSIX_SIZE_READ_100K_1M,total_POSIX_SIZE_READ_1M_4M,total_POSIX_SIZE_READ_4M_10M,total_POSIX_SIZE_READ_10M_100M,total_POSIX_SIZE_READ_100M_1G,total_POSIX_SIZE_READ_1G_PLUS,total_POSIX_SIZE_WRITE_0_100,total_POSIX_SIZE_WRITE_100_1K,total_POSIX_SIZE_WRITE_1K_10K,total_POSIX_SIZE_WRITE_10K_100K,total_POSIX_SIZE_WRITE_100K_1M,total_POSIX_SIZE_WRITE_1M_4M,total_POSIX_SIZE_WRITE_4M_10M,total_POSIX_SIZE_WRITE_10M_100M,total_POSIX_SIZE_WRITE_100M_1G,total_POSIX_SIZE_WRITE_1G_PLUS,total_POSIX_STRIDE1_STRIDE,total_POSIX_STRIDE2_STRIDE,total_POSIX_STRIDE3_STRIDE,total_POSIX_STRIDE4_STRIDE,total_POSIX_STRIDE1_COUNT,total_POSIX_STRIDE2_COUNT,total_POSIX_STRIDE3_COUNT,total_POSIX_STRIDE4_COUNT,total_POSIX_ACCESS1_ACCESS,total_POSIX_ACCESS2_ACCESS,total_POSIX_ACCESS3_ACCESS,total_POSIX_ACCESS4_ACCESS,total_POSIX_ACCESS1_COUNT,total_POSIX_ACCESS2_COUNT,total_POSIX_ACCESS3_COUNT,total_POSIX_ACCESS4_COUNT,total_POSIX_FASTEST_RANK,total_POSIX_FASTEST_RANK_BYTES,total_POSIX_SLOWEST_RANK,total_POSIX_SLOWEST_RANK_BYTES,total_POSIX_F_OPEN_START_TIMESTAMP,total_POSIX_F_READ_START_TIMESTAMP,total_POSIX_F_WRITE_START_TIMESTAMP,total_POSIX_F_CLOSE_START_TIMESTAMP,total_POSIX_F_OPEN_END_TIMESTAMP,total_POSIX_F_READ_END_TIMESTAMP,total_POSIX_F_WRITE_END_TIMESTAMP,total_POSIX_F_CLOSE_END_TIMESTAMP,total_POSIX_F_READ_TIME,total_POSIX_F_WRITE_TIME,total_POSIX_F_META_TIME,total_POSIX_F_MAX_READ_TIME,total_POSIX_F_MAX_WRITE_TIME,total_POSIX_F_FASTEST_RANK_TIME,total_POSIX_F_SLOWEST_RANK_TIME,total_POSIX_F_VARIANCE_RANK_TIME,total_POSIX_F_VARIANCE_RANK_BYTES,total_STDIO_OPENS,total_STDIO_FDOPENS,total_STDIO_READS,total_STDIO_WRITES,total_STDIO_SEEKS,total_STDIO_FLUSHES,total_STDIO_BYTES_WRITTEN,total_STDIO_BYTES_READ,total_STDIO_MAX_BYTE_READ,total_STDIO_MAX_BYTE_WRITTEN,total_STDIO_FASTEST_RANK,total_STDIO_FASTEST_RANK_BYTES,total_STDIO_SLOWEST_RANK,total_STDIO_SLOWEST_RANK_BYTES,total_STDIO_F_META_TIME,total_STDIO_F_WRITE_TIME,total_STDIO_F_READ_TIME,total_STDIO_F_OPEN_START_TIMESTAMP,total_STDIO_F_CLOSE_START_TIMESTAMP,total_STDIO_F_WRITE_START_TIMESTAMP,total_STDIO_F_READ_START_TIMESTAMP,total_STDIO_F_OPEN_END_TIMESTAMP,total_STDIO_F_CLOSE_END_TIMESTAMP,total_STDIO_F_WRITE_END_TIMESTAMP,total_STDIO_F_READ_END_TIMESTAMP,total_STDIO_F_FASTEST_RANK_TIME,total_STDIO_F_SLOWEST_RANK_TIME,total_STDIO_F_VARIANCE_RANK_TIME,total_STDIO_F_VARIANCE_RANK_BYTES
f6a704ca84e2bd9a3ed164f47c76d584,1172237,1626803143,1626803350,3.1,eb1c50d3a4febf5abf16ceb65f3226fd,8,208,,,,,,,,,,,,,,,,,,,,,,,,,,,,,,,,,,,,,,,,,,,,,,,,,,,,,,,,,,,,,,,,,,,,,,,,,,,,,,,,,,,,,,,,,,,,,,,,,,,,,,,,,,,,,,,,,,,,,,,,,,,,,,,,,,,,,,,,,,,,,,,,,,,,,,,,,,,,,,,,,,,,,,,,,,,,,,,,,,,,,,,,,,,,,,,,,,,,,,,,,,,,,,,,,,,,,,,,,,,,,,,,,,,,,,,,,,,,,,,,,,,,,,,,,,,,,,,,,,,,,,,,,,,,,,,,,,,,,,,,,,,,,,,,,,,,,,,,,,,,,,,,,,,,,,,,,,,,,,,,,,,,,,,,,,,,,,,,,,,,,,,,,,,,,,,,,,,,,,,87.0,7.0,0.0,1048.0,0.0,0.0,16.0,-1.0,0.0,0.0,0.0,0.0,,0.0,2080607412.0,0.0,364122471.0,0.0,693.0,0.0,838.0,0.0,0.0,422.0,8.0,966.0,16777216.0,1885812.0,0.0,2.0,41.0,45.0,0.0,32.0,896.0,32.0,0.0,0.0,0.0,0.0,0.0,0.0,0.0,0.0,0.0,0.0,0.0,0.0,0.0,19711496.0,19220376.0,17467828.0,17451196.0,1.0,1.0,1.0,1.0,2815928.0,2745768.0,2495404.0,2493028.0,13.0,13.0,13.0,13.0,-1.0,-1.0,-1.0,-1.0,0.002257,0.002266,0.0,0.004642,1.450714,1.799207,0.0,4.736168,4.276403,0.0,0.869512,0.096369,0.0,0.0,0.0,0.0,0.0,59.0,0.0,0.0,168034557.0,0.0,41.0,939534488.0,0.0,0.0,89686679.0,-1.0,-1.0,-1.0,-1.0,0.309524,42.071639,0.0,0.002137,0.002331,0.006447,0.0,206.374586,206.37512,206.37489,0.0,0.0,0.0,0.0,0.0
f6a704ca84e2bd9a3ed164f47c76d584,1172183,1626800567,1626800773,3.1,f3515a900c076dba20b08a8fa858c67f,8,207,,,,,,,,,,,,,,,,,,,,,,,,,,,,,,,,,,,,,,,,,,,,,,,,,,,,,,,,,,,,,,,,,,,,,,,,,,,,,,,,,,,,,,,,,,,,,,,,,,,,,,,,,,,,,,,,,,,,,,,,,,,,,,,,,,,,,,,,,,,,,,,,,,,,,,,,,,,,,,,,,,,,,,,,,,,,,,,,,,,,,,,,,,,,,,,,,,,,,,,,,,,,,,,,,,,,,,,,,,,,,,,,,,,,,,,,,,,,,,,,,,,,,,,,,,,,,,,,,,,,,,,,,,,,,,,,,,,,,,,,,,,,,,,,,,,,,,,,,,,,,,,,,,,,,,,,,,,,,,,,,,,,,,,,,,,,,,,,,,,,,,,,,,,,,,,,,,,,,,,87.0,7.0,0.0,1048.0,0.0,0.0,16.0,-1.0,0.0,0.0,0.0,0.0,,0.0,2080607412.0,0.0,359612405.0,0.0,693.0,0.0,838.0,0.0,0.0,353.0,8.0,966.0,16777216.0,2036484.0,0.0,2.0,41.0,45.0,0.0,31.0,896.0,33.0,0.0,0.0,0.0,0.0,0.0,0.0,0.0,0.0,0.0,0.0,0.0,0.0,0.0,20709248.0,20000484.0,17991120.0,17970904.0,1.0,1.0,1.0,1.0,2958464.0,2857212.0,2570160.0,2567272.0,13.0,13.0,13.0,13.0,-1.0,-1.0,-1.0,-1.0,0.003914,0.003923,0.0,0.023929,1.709086,1.944522,0.0,4.881403,4.513617,0.0,0.946145,0.106091,0.0,0.0,0.0,0.0,0.0,59.0,0.0,0.0,168034587.0,0.0,41.0,939534609.0,0.0,0.0,90709599.0,-1.0,-1.0,-1.0,-1.0,0.150078,43.759072,0.0,0.002611,0.021153,0.025679,0.0,205.579054,205.579583,205.579341,0.0,0.0,0.0,0.0,0.0
f6a704ca84e2bd9a3ed164f47c76d584,1172128,1626799281,1626799488,3.1,1954a4a0e422713fcfa5e51626d0cf86,8,208,,,,,,,,,,,,,,,,,,,,,,,,,,,,,,,,,,,,,,,,,,,,,,,,,,,,,,,,,,,,,,,,,,,,,,,,,,,,,,,,,,,,,,,,,,,,,,,,,,,,,,,,,,,,,,,,,,,,,,,,,,,,,,,,,,,,,,,,,,,,,,,,,,,,,,,,,,,,,,,,,,,,,,,,,,,,,,,,,,,,,,,,,,,,,,,,,,,,,,,,,,,,,,,,,,,,,,,,,,,,,,,,,,,,,,,,,,,,,,,,,,,,,,,,,,,,,,,,,,,,,,,,,,,,,,,,,,,,,,,,,,,,,,,,,,,,,,,,,,,,,,,,,,,,,,,,,,,,,,,,,,,,,,,,,,,,,,,,,,,,,,,,,,,,,,,,,,,,,,,87.0,7.0,0.0,1048.0,0.0,0.0,16.0,-1.0,0.0,0.0,0.0,0.0,,0.0,2080607412.0,0.0,361973055.0,0.0,693.0,0.0,838.0,0.0,0.0,365.0,8.0,966.0,16777216.0,2042172.0,0.0,2.0,41.0,45.0,0.0,32.0,896.0,32.0,0.0,0.0,0.0,0.0,0.0,0.0,0.0,0.0,0.0,0.0,0.0,0.0,0.0,20178228.0,19590060.0,17722908.0,17695524.0,1.0,1.0,1.0,1.0,2882604.0,2798580.0,2531844.0,2527932.0,13.0,13.0,13.0,13.0,-1.0,-1.0,-1.0,-1.0,0.003902,0.00391,0.0,0.039409,1.755022,1.981086,0.0,4.91182,4.562907,0.0,1.02738,0.117592,0.0,0.0,0.0,0.0,0.0,59.0,0.0,0.0,168034567.0,0.0,41.0,939534529.0,0.0,0.0,90191439.0,-1.0,-1.0,-1.0,-1.0,0.132242,42.645881,0.0,0.00195,0.036896,0.041091,0.0,206.64567,206.646157,206.645951,0.0,0.0,0.0,0.0,0.0
f6a704ca84e2bd9a3ed164f47c76d584,1098331,1624265489,1624266223,3.1,773435aed78e7ca59e6e7798572f6af6,8,735,,,,,,,,,,,,,,,,,,,,,,,,,,,,,,,,,,,,,,,,,,,,,,,,,,,,,,,,,,,,,,,,,,,,,,,,,,,,,,,,,,,,,,,,,,,,,,,,,,,,,,,,,,,,,,,,,,,,,,,,,,,,,,,,,,,,,,,,,,,,,,,,,,,,,,,,,,,,,,,,,,,,,,,,,,,,,,,,,,,,,,,,,,,,,,,,,,,,,,,,,,,,,,,,,,,,,,,,,,,,,,,,,,,,,,,,,,,,,,,,,,,,,,,,,,,,,,,,,,,,,,,,,,,,,,,,,,,,,,,,,,,,,,,,,,,,,,,,,,,,,,,,,,,,,,,,,,,,,,,,,,,,,,,,,,,,,,,,,,,,,,,,,,,,,,,,,,,,,,,163.0,7.0,0.0,1509.0,0.0,0.0,16.0,-1.0,0.0,0.0,0.0,0.0,,0.0,2094978729.0,0.0,309880479.0,0.0,1061.0,0.0,1223.0,0.0,0.0,573.0,8.0,1351.0,16777216.0,4360840.0,0.0,44.0,113.0,181.0,185.0,77.0,857.0,52.0,0.0,0.0,0.0,0.0,0.0,0.0,0.0,0.0,0.0,0.0,0.0,0.0,0.0,31819424.0,30619820.0,23167900.0,23094540.0,1.0,1.0,1.0,1.0,8.0,4545632.0,4374260.0,3309700.0,24.0,13.0,13.0,13.0,-1.0,-1.0,-1.0,-1.0,0.056374,0.056382,0.0,0.059809,2.679045,2.785404,0.0,6.611221,5.956656,0.0,0.710684,0.11236,0.0,0.0,0.0,0.0,0.0,53.0,0.0,0.0,1573304.0,0.0,50.0,2149599798.0,0.0,0.0,67108871.0,-1.0,-1.0,-1.0,-1.0,0.154907,2.745079,0.0,0.001513,0.056847,0.061583,0.0,733.49168,733.492598,733.492471,0.0,0.0,0.0,0.0,0.0
f6a704ca84e2bd9a3ed164f47c76d584,1109311,1624564508,1624565268,3.1,d3f6df48334f996da0bfc42c2f52f0ca,8,761,,,,,,,,,,,,,,,,,,,,,,,,,,,,,,,,,,,,,,,,,,,,,,,,,,,,,,,,,,,,,,,,,,,,,,,,,,,,,,,,,,,,,,,,,,,,,,,,,,,,,,,,,,,,,,,,,,,,,,,,,,,,,,,,,,,,,,,,,,,,,,,,,,,,,,,,,,,,,,,,,,,,,,,,,,,,,,,,,,,,,,,,,,,,,,,,,,,,,,,,,,,,,,,,,,,,,,,,,,,,,,,,,,,,,,,,,,,,,,,,,,,,,,,,,,,,,,,,,,,,,,,,,,,,,,,,,,,,,,,,,,,,,,,,,,,,,,,,,,,,,,,,,,,,,,,,,,,,,,,,,,,,,,,,,,,,,,,,,,,,,,,,,,,,,,,,,,,,,,,163.0,7.0,0.0,1509.0,0.0,0.0,16.0,-1.0,0.0,0.0,0.0,0.0,,0.0,2080706467.0,0.0,440751309.0,0.0,1061.0,0.0,1223.0,0.0,0.0,396.0,8.0,1351.0,16777216.0,1109628.0,0.0,386.0,80.0,83.0,0.0,93.0,818.0,48.0,1.0,0.0,0.0,0.0,0.0,0.0,0.0,0.0,0.0,0.0,0.0,0.0,0.0,37891056.0,35240184.0,26133912.0,25110540.0,1.0,1.0,1.0,1.0,8.0,5413008.0,5034312.0,3733416.0,384.0,13.0,13.0,13.0,-1.0,-1.0,-1.0,-1.0,0.001622,0.00163,0.0,0.00379,2.110901,2.261054,0.0,6.212661,2.262804,0.0,0.423622,0.103907,0.0,0.0,0.0,0.0,0.0,53.0,0.0,0.0,1573304.0,0.0,50.0,2149599778.0,0.0,0.0,67108871.0,-1.0,-1.0,-1.0,-1.0,0.088995,2.824501,0.0,0.001505,0.0017,0.005495,0.0,759.643643,759.644587,759.644456,0.0,0.0,0.0,0.0,0.0
f6a704ca84e2bd9a3ed164f47c76d584,1053962,1622741714,1622742352,3.1,d28c527fbeb1bbc77365bede0c978a2c,8,639,,,,,,,,,,,,,,,,,,,,,,,,,,,,,,,,,,,,,,,,,,,,,,,,,,,,,,,,,,,,,,,,,,,,,,,,,,,,,,,,,,,,,,,,,,,,,,,,,,,,,,,,,,,,,,,,,,,,,,,,,,,,,,,,,,,,,,,,,,,,,,,,,,,,,,,,,,,,,,,,,,,,,,,,,,,,,,,,,,,,,,,,,,,,,,,,,,,,,,,,,,,,,,,,,,,,,,,,,,,,,,,,,,,,,,,,,,,,,,,,,,,,,,,,,,,,,,,,,,,,,,,,,,,,,,,,,,,,,,,,,,,,,,,,,,,,,,,,,,,,,,,,,,,,,,,,,,,,,,,,,,,,,,,,,,,,,,,,,,,,,,,,,,,,,,,,,,,,,,,87.0,7.0,0.0,1048.0,0.0,0.0,16.0,-1.0,0.0,0.0,0.0,0.0,,0.0,2080607404.0,0.0,353025835.0,0.0,693.0,0.0,838.0,0.0,0.0,420.0,8.0,966.0,16777216.0,1960452.0,0.0,2.0,41.0,45.0,0.0,32.0,896.0,32.0,0.0,0.0,0.0,0.0,0.0,0.0,0.0,0.0,0.0,0.0,0.0,0.0,0.0,22140048.0,21151984.0,18814292.0,18688600.0,1.0,1.0,1.0,1.0,3162864.0,3021712.0,2687756.0,2669800.0,13.0,13.0,13.0,13.0,-1.0,-1.0,-1.0,-1.0,0.001624,0.001633,0.0,0.00381,1.401505,1.651491,0.0,4.660738,2.989274,0.0,0.732235,0.086567,0.0,0.0,0.0,0.0,0.0,53.0,0.0,0.0,1573276.0,0.0,42.0,2149599164.0,0.0,0.0,67108871.0,-1.0,-1.0,-1.0,-1.0,0.103592,2.769164,0.0,0.001507,0.0017,0.005567,0.0,638.2872,638.288105,638.287978,0.0,0.0,0.0,0.0,0.0
f6a704ca84e2bd9a3ed164f47c76d584,1054631,1622761479,1622762088,3.1,c3146104d1ad8d54a206c2cfde63e4e3,8,610,,,,,,,,,,,,,,,,,,,,,,,,,,,,,,,,,,,,,,,,,,,,,,,,,,,,,,,,,,,,,,,,,,,,,,,,,,,,,,,,,,,,,,,,,,,,,,,,,,,,,,,,,,,,,,,,,,,,,,,,,,,,,,,,,,,,,,,,,,,,,,,,,,,,,,,,,,,,,,,,,,,,,,,,,,,,,,,,,,,,,,,,,,,,,,,,,,,,,,,,,,,,,,,,,,,,,,,,,,,,,,,,,,,,,,,,,,,,,,,,,,,,,,,,,,,,,,,,,,,,,,,,,,,,,,,,,,,,,,,,,,,,,,,,,,,,,,,,,,,,,,,,,,,,,,,,,,,,,,,,,,,,,,,,,,,,,,,,,,,,,,,,,,,,,,,,,,,,,,,87.0,7.0,0.0,1048.0,0.0,0.0,16.0,-1.0,0.0,0.0,0.0,0.0,,0.0,2080607404.0,0.0,334393037.0,0.0,693.0,0.0,838.0,0.0,0.0,423.0,8.0,966.0,16777216.0,1977792.0,0.0,2.0,41.0,45.0,0.0,34.0,896.0,30.0,0.0,0.0,0.0,0.0,0.0,0.0,0.0,0.0,0.0,0.0,0.0,0.0,0.0,26874568.0,23891588.0,21137480.0,20678364.0,1.0,1.0,1.0,1.0,3839224.0,3413084.0,3019640.0,2954052.0,13.0,13.0,13.0,13.0,-1.0,-1.0,-1.0,-1.0,0.033055,0.033063,0.0,0.063791,1.488194,1.618512,0.0,4.808178,1.249223,0.0,0.692935,0.071255,0.0,0.0,0.0,0.0,0.0,51.0,0.0,0.0,1048987.0,0.0,41.0,2147501969.0,0.0,0.0,67108871.0,-1.0,-1.0,-1.0,-1.0,0.380904,3.02339,0.0,0.001622,0.060928,0.065602,0.0,609.367833,609.368704,609.368587,0.0,0.0,0.0,0.0,0.0
f6a704ca84e2bd9a3ed164f47c76d584,1053424,1622737557,1622738171,3.1,46885b9833d4a93770223a950f2316f8,8,615,,,,,,,,,,,,,,,,,,,,,,,,,,,,,,,,,,,,,,,,,,,,,,,,,,,,,,,,,,,,,,,,,,,,,,,,,,,,,,,,,,,,,,,,,,,,,,,,,,,,,,,,,,,,,,,,,,,,,,,,,,,,,,,,,,,,,,,,,,,,,,,,,,,,,,,,,,,,,,,,,,,,,,,,,,,,,,,,,,,,,,,,,,,,,,,,,,,,,,,,,,,,,,,,,,,,,,,,,,,,,,,,,,,,,,,,,,,,,,,,,,,,,,,,,,,,,,,,,,,,,,,,,,,,,,,,,,,,,,,,,,,,,,,,,,,,,,,,,,,,,,,,,,,,,,,,,,,,,,,,,,,,,,,,,,,,,,,,,,,,,,,,,,,,,,,,,,,,,,,87.0,7.0,0.0,1048.0,0.0,0.0,16.0,-1.0,0.0,0.0,0.0,0.0,,0.0,2080607404.0,0.0,342184329.0,0.0,693.0,0.0,838.0,0.0,0.0,329.0,8.0,966.0,16777216.0,2128804.0,0.0,2.0,41.0,45.0,0.0,32.0,896.0,32.0,0.0,0.0,0.0,0.0,0.0,0.0,0.0,0.0,0.0,0.0,0.0,0.0,0.0,24550988.0,22786512.0,20197380.0,19735548.0,1.0,1.0,1.0,1.0,3507284.0,3255216.0,2885340.0,2819364.0,13.0,13.0,13.0,13.0,-1.0,-1.0,-1.0,-1.0,0.001743,0.001751,0.0,0.003918,1.594841,1.776636,0.0,4.814335,4.586128,0.0,0.796203,0.096778,0.0,0.0,0.0,0.0,0.0,51.0,0.0,0.0,1048987.0,0.0,41.0,2147501969.0,0.0,0.0,67108871.0,-1.0,-1.0,-1.0,-1.0,0.079596,2.649331,0.0,0.001632,0.001815,0.00556,0.0,614.211091,614.212042,614.211906,0.0,0.0,0.0,0.0,0.0
f6a704ca84e2bd9a3ed164f47c76d584,1054297,1622745098,1622745781,3.1,7e6aa021741c4dc71183fac89af663be,8,684,,,,,,,,,,,,,,,,,,,,,,,,,,,,,,,,,,,,,,,,,,,,,,,,,,,,,,,,,,,,,,,,,,,,,,,,,,,,,,,,,,,,,,,,,,,,,,,,,,,,,,,,,,,,,,,,,,,,,,,,,,,,,,,,,,,,,,,,,,,,,,,,,,,,,,,,,,,,,,,,,,,,,,,,,,,,,,,,,,,,,,,,,,,,,,,,,,,,,,,,,,,,,,,,,,,,,,,,,,,,,,,,,,,,,,,,,,,,,,,,,,,,,,,,,,,,,,,,,,,,,,,,,,,,,,,,,,,,,,,,,,,,,,,,,,,,,,,,,,,,,,,,,,,,,,,,,,,,,,,,,,,,,,,,,,,,,,,,,,,,,,,,,,,,,,,,,,,,,,,87.0,7.0,0.0,1048.0,0.0,0.0,16.0,-1.0,0.0,0.0,0.0,0.0,,0.0,2080607404.0,0.0,361973055.0,0.0,693.0,0.0,838.0,0.0,0.0,365.0,8.0,966.0,16777216.0,1855500.0,0.0,2.0,41.0,45.0,0.0,32.0,896.0,32.0,0.0,0.0,0.0,0.0,0.0,0.0,0.0,0.0,0.0,0.0,0.0,0.0,0.0,20178228.0,19590060.0,17722908.0,17695524.0,1.0,1.0,1.0,1.0,2882604.0,2798580.0,2531844.0,2527932.0,13.0,13.0,13.0,13.0,-1.0,-1.0,-1.0,-1.0,0.003145,0.003154,0.0,0.006341,1.567467,1.678223,0.0,4.653725,2.94996,0.0,0.920205,0.135399,0.0,0.0,0.0,0.0,0.0,51.0,0.0,0.0,1048987.0,0.0,41.0,2147501969.0,0.0,0.0,67108871.0,-1.0,-1.0,-1.0,-1.0,0.106189,2.723165,0.0,0.001705,0.003839,0.008052,0.0,682.61772,682.618663,682.618528,0.0,0.0,0.0,0.0,0.0
f6a704ca84e2bd9a3ed164f47c76d584,1057124,1622843129,1622843820,3.1,8709cdc1e1383c74d81eef0338e02876,64,692,,,,,,,,,,,,,,,,,,,,,,,,,,,,,,,,,,,,,,,,,,,,,,,,,,,,,,,,,,,,,,,,,,,,,,,,,,,,,,,,,,,,,,,,,,,,,,,,,,,,,,,,,,,,,,,,,,,,,,,,,,,,,,,,,,,,,,,,,,,,,,,,,,,,,,,,,,,,,,,,,,,,,,,,,,,,,,,,,,,,,,,,,,,,,,,,,,,,,,,,,,,,,,,,,,,,,,,,,,,,,,,,,,,,,,,,,,,,,,,,,,,,,,,,,,,,,,,,,,,,,,,,,,,,,,,,,,,,,,,,,,,,,,,,,,,,,,,,,,,,,,,,,,,,,,,,,,,,,,,,,,,,,,,,,,,,,,,,,,,,,,,,,,,,,,,,,,,,,,,241.0,7.0,0.0,1202.0,0.0,0.0,128.0,-1.0,0.0,0.0,0.0,0.0,,0.0,16643628015.0,0.0,3994795837.0,0.0,645.0,0.0,838.0,0.0,0.0,0.0,8.0,966.0,16777216.0,46264216.0,0.0,2.0,118.0,122.0,0.0,0.0,0.0,58.0,902.0,0.0,0.0,0.0,0.0,0.0,0.0,0.0,0.0,0.0,0.0,0.0,0.0,183630636.0,161924784.0,160768300.0,156110948.0,1.0,1.0,1.0,1.0,4952.0,168.0,26232948.0,23132112.0,16.0,16.0,13.0,13.0,-1.0,-1.0,-1.0,-1.0,0.001818,0.001826,0.0,0.004436,1.47349,2.406604,0.0,6.608928,39.145935,0.0,6.956631,0.229055,0.0,0.0,0.0,0.0,0.0,389.0,0.0,0.0,6292572.0,0.0,42.0,17188294096.0,0.0,0.0,67108871.0,-1.0,-1.0,-1.0,-1.0,2.195057,20.856112,0.0,0.001708,0.001891,0.006415,0.0,690.893569,690.895018,690.894893,0.0,0.0,0.0,0.0,0.0
f6a704ca84e2bd9a3ed164f47c76d584,1064483,1623173272,1623174041,3.1,58ee8f3a23a7cec455a9d77e76d110a4,8,770,,,,,,,,,,,,,,,,,,,,,,,,,,,,,,,,,,,,,,,,,,,,,,,,,,,,,,,,,,,,,,,,,,,,,,,,,,,,,,,,,,,,,,,,,,,,,,,,,,,,,,,,,,,,,,,,,,,,,,,,,,,,,,,,,,,,,,,,,,,,,,,,,,,,,,,,,,,,,,,,,,,,,,,,,,,,,,,,,,,,,,,,,,,,,,,,,,,,,,,,,,,,,,,,,,,,,,,,,,,,,,,,,,,,,,,,,,,,,,,,,,,,,,,,,,,,,,,,,,,,,,,,,,,,,,,,,,,,,,,,,,,,,,,,,,,,,,,,,,,,,,,,,,,,,,,,,,,,,,,,,,,,,,,,,,,,,,,,,,,,,,,,,,,,,,,,,,,,,,,87.0,7.0,0.0,1048.0,0.0,0.0,16.0,-1.0,0.0,0.0,0.0,0.0,,0.0,2080604127.0,0.0,337153969.0,0.0,693.0,0.0,838.0,0.0,0.0,482.0,8.0,966.0,16777216.0,1932848.0,0.0,2.0,41.0,45.0,0.0,51.0,857.0,52.0,0.0,0.0,0.0,0.0,0.0,0.0,0.0,0.0,0.0,0.0,0.0,0.0,0.0,31905244.0,30619736.0,23175796.0,23096332.0,1.0,1.0,1.0,1.0,4557892.0,4374248.0,3310828.0,3299476.0,13.0,13.0,13.0,13.0,-1.0,-1.0,-1.0,-1.0,0.010792,0.0108,0.0,0.013894,2.569973,2.722179,0.0,6.456862,4.906491,0.0,0.849734,0.109352,0.0,0.0,0.0,0.0,0.0,53.0,0.0,0.0,1573268.0,0.0,41.0,2149599041.0,0.0,0.0,67108871.0,-1.0,-1.0,-1.0,-1.0,0.174446,2.790657,0.0,0.001609,0.011821,0.015527,0.0,768.653492,768.654455,768.654323,0.0,0.0,0.0,0.0,0.0
f6a704ca84e2bd9a3ed164f47c76d584,1064139,1623167278,1623167916,3.1,e59aedf8e62c9ddbce0a9a8a3d25c34e,8,639,,,,,,,,,,,,,,,,,,,,,,,,,,,,,,,,,,,,,,,,,,,,,,,,,,,,,,,,,,,,,,,,,,,,,,,,,,,,,,,,,,,,,,,,,,,,,,,,,,,,,,,,,,,,,,,,,,,,,,,,,,,,,,,,,,,,,,,,,,,,,,,,,,,,,,,,,,,,,,,,,,,,,,,,,,,,,,,,,,,,,,,,,,,,,,,,,,,,,,,,,,,,,,,,,,,,,,,,,,,,,,,,,,,,,,,,,,,,,,,,,,,,,,,,,,,,,,,,,,,,,,,,,,,,,,,,,,,,,,,,,,,,,,,,,,,,,,,,,,,,,,,,,,,,,,,,,,,,,,,,,,,,,,,,,,,,,,,,,,,,,,,,,,,,,,,,,,,,,,,90.0,10.0,0.0,1051.0,0.0,0.0,16.0,-1.0,0.0,0.0,0.0,0.0,,0.0,2080629726.0,0.0,284562469.0,0.0,696.0,0.0,841.0,0.0,0.0,341.0,8.0,969.0,16777216.0,2479544.0,0.0,2.0,42.0,47.0,0.0,32.0,896.0,32.0,0.0,0.0,0.0,0.0,0.0,0.0,0.0,0.0,0.0,0.0,0.0,0.0,0.0,22140104.0,21151984.0,18814264.0,18688852.0,1.0,1.0,1.0,1.0,3162872.0,3021712.0,2687752.0,2669836.0,13.0,13.0,13.0,13.0,-1.0,-1.0,-1.0,-1.0,0.001614,0.001622,0.0,0.003656,1.546426,1.837101,0.0,4.850057,4.35741,0.0,0.63967,0.09412,0.0,0.0,0.0,0.0,0.0,53.0,0.0,0.0,1573276.0,0.0,42.0,2149599169.0,0.0,0.0,67108871.0,-1.0,-1.0,-1.0,-1.0,0.096214,2.800905,0.0,0.001495,0.001688,0.00534,0.0,637.76196,637.762882,637.762752,0.0,0.0,0.0,0.0,0.0
f6a704ca84e2bd9a3ed164f47c76d584,772673,1614613949,1614614693,3.1,0398730282f57ca3fd2b9956a4b6b713,8,745,,,,,,,,,,,,,,,,,,,,,,,,,,,,,,,,,,,,,,,,,,,,,,,,,,,,,,,,,,,,,,,,,,,,,,,,,,,,,,,,,,,,,,,,,,,,,,,,,,,,,,,,,,,,,,,,,,,,,,,,,,,,,,,,,,,,,,,,,,,,,,,,,,,,,,,,,,,,,,,,,,,,,,,,,,,,,,,,,,,,,,,,,,,,,,,,,,,,,,,,,,,,,,,,,,,,,,,,,,,,,,,,,,,,,,,,,,,,,,,,,,,,,,,,,,,,,,,,,,,,,,,,,,,,,,,,,,,,,,,,,,,,,,,,,,,,,,,,,,,,,,,,,,,,,,,,,,,,,,,,,,,,,,,,,,,,,,,,,,,,,,,,,,,,,,,,,,,,,,,36.0,4.0,0.0,709.0,0.0,0.0,16.0,-1.0,0.0,0.0,0.0,0.0,,0.0,346461171.0,0.0,56223121.0,0.0,474.0,0.0,579.0,0.0,0.0,258.0,8.0,675.0,16777216.0,168.0,0.0,2.0,17.0,18.0,0.0,654.0,18.0,0.0,0.0,0.0,0.0,0.0,0.0,0.0,0.0,0.0,0.0,0.0,0.0,0.0,0.0,5393376.0,4929000.0,4816224.0,4344264.0,1.0,1.0,1.0,1.0,898896.0,821500.0,802704.0,724044.0,12.0,12.0,12.0,12.0,-1.0,-1.0,-1.0,-1.0,0.00149,0.001499,0.0,0.003755,0.809121,0.929668,0.0,1.12003,1.149485,0.0,0.525835,0.061229,0.0,0.0,0.0,0.0,0.0,51.0,0.0,0.0,1327539.0,0.0,40.0,3057667758.0,0.0,0.0,95551495.0,-1.0,-1.0,-1.0,-1.0,0.074483,3.809963,0.0,0.001371,0.001568,0.005414,0.0,743.975738,743.976784,743.976642,0.0,0.0,0.0,0.0,0.0
f6a704ca84e2bd9a3ed164f47c76d584,772674,1614614288,1614615066,3.1,b69f3a584285369419a9acc4338bfd55,8,779,,,,,,,,,,,,,,,,,,,,,,,,,,,,,,,,,,,,,,,,,,,,,,,,,,,,,,,,,,,,,,,,,,,,,,,,,,,,,,,,,,,,,,,,,,,,,,,,,,,,,,,,,,,,,,,,,,,,,,,,,,,,,,,,,,,,,,,,,,,,,,,,,,,,,,,,,,,,,,,,,,,,,,,,,,,,,,,,,,,,,,,,,,,,,,,,,,,,,,,,,,,,,,,,,,,,,,,,,,,,,,,,,,,,,,,,,,,,,,,,,,,,,,,,,,,,,,,,,,,,,,,,,,,,,,,,,,,,,,,,,,,,,,,,,,,,,,,,,,,,,,,,,,,,,,,,,,,,,,,,,,,,,,,,,,,,,,,,,,,,,,,,,,,,,,,,,,,,,,,36.0,4.0,0.0,709.0,0.0,0.0,16.0,-1.0,0.0,0.0,0.0,0.0,,0.0,346461755.0,0.0,94317031.0,0.0,474.0,0.0,579.0,0.0,0.0,248.0,8.0,675.0,16777216.0,168.0,0.0,2.0,17.0,18.0,0.0,654.0,18.0,0.0,0.0,0.0,0.0,0.0,0.0,0.0,0.0,0.0,0.0,0.0,0.0,0.0,0.0,5393376.0,4927656.0,4816824.0,4343304.0,1.0,1.0,1.0,1.0,898896.0,821276.0,802804.0,723884.0,12.0,12.0,12.0,12.0,-1.0,-1.0,-1.0,-1.0,0.001835,0.001842,0.0,0.003864,0.816827,0.963052,0.0,1.145527,1.387816,0.0,0.547549,0.0846,0.0,0.0,0.0,0.0,0.0,51.0,0.0,0.0,1327539.0,0.0,40.0,3057667762.0,0.0,0.0,95551495.0,-1.0,-1.0,-1.0,-1.0,0.073076,3.788092,0.0,0.001722,0.00191,0.005504,0.0,778.038862,778.039887,778.039744,0.0,0.0,0.0,0.0,0.0
f6a704ca84e2bd9a3ed164f47c76d584,772545,1614612667,1614613405,3.1,6144766163040f2c137ee21afcb23de1,8,739,,,,,,,,,,,,,,,,,,,,,,,,,,,,,,,,,,,,,,,,,,,,,,,,,,,,,,,,,,,,,,,,,,,,,,,,,,,,,,,,,,,,,,,,,,,,,,,,,,,,,,,,,,,,,,,,,,,,,,,,,,,,,,,,,,,,,,,,,,,,,,,,,,,,,,,,,,,,,,,,,,,,,,,,,,,,,,,,,,,,,,,,,,,,,,,,,,,,,,,,,,,,,,,,,,,,,,,,,,,,,,,,,,,,,,,,,,,,,,,,,,,,,,,,,,,,,,,,,,,,,,,,,,,,,,,,,,,,,,,,,,,,,,,,,,,,,,,,,,,,,,,,,,,,,,,,,,,,,,,,,,,,,,,,,,,,,,,,,,,,,,,,,,,,,,,,,,,,,,,36.0,4.0,0.0,709.0,0.0,0.0,16.0,-1.0,0.0,0.0,0.0,0.0,,0.0,346461155.0,0.0,56223933.0,0.0,474.0,0.0,579.0,0.0,0.0,300.0,8.0,675.0,16777216.0,4384.0,0.0,2.0,17.0,18.0,0.0,654.0,18.0,0.0,0.0,0.0,0.0,0.0,0.0,0.0,0.0,0.0,0.0,0.0,0.0,0.0,0.0,5393424.0,4927392.0,4816728.0,4343448.0,1.0,1.0,1.0,1.0,898904.0,821232.0,802788.0,723908.0,12.0,12.0,12.0,12.0,-1.0,-1.0,-1.0,-1.0,0.003924,0.003933,0.0,0.007018,0.791905,0.899413,0.0,1.091161,1.06174,0.0,0.456391,0.064577,0.0,0.0,0.0,0.0,0.0,51.0,0.0,0.0,1327539.0,0.0,40.0,3057667750.0,0.0,0.0,95551495.0,-1.0,-1.0,-1.0,-1.0,0.075833,3.815387,0.0,0.0017,0.004417,0.008726,0.0,738.539778,738.540835,738.540689,0.0,0.0,0.0,0.0,0.0
f6a704ca84e2bd9a3ed164f47c76d584,772677,1614615938,1614616675,3.1,1dc24d2bf6ce09c749563ed40f86424f,8,738,,,,,,,,,,,,,,,,,,,,,,,,,,,,,,,,,,,,,,,,,,,,,,,,,,,,,,,,,,,,,,,,,,,,,,,,,,,,,,,,,,,,,,,,,,,,,,,,,,,,,,,,,,,,,,,,,,,,,,,,,,,,,,,,,,,,,,,,,,,,,,,,,,,,,,,,,,,,,,,,,,,,,,,,,,,,,,,,,,,,,,,,,,,,,,,,,,,,,,,,,,,,,,,,,,,,,,,,,,,,,,,,,,,,,,,,,,,,,,,,,,,,,,,,,,,,,,,,,,,,,,,,,,,,,,,,,,,,,,,,,,,,,,,,,,,,,,,,,,,,,,,,,,,,,,,,,,,,,,,,,,,,,,,,,,,,,,,,,,,,,,,,,,,,,,,,,,,,,,,36.0,4.0,0.0,709.0,0.0,0.0,16.0,-1.0,0.0,0.0,0.0,0.0,,0.0,346461173.0,0.0,56219235.0,0.0,474.0,0.0,579.0,0.0,0.0,295.0,8.0,675.0,16777216.0,168.0,0.0,2.0,17.0,18.0,0.0,654.0,18.0,0.0,0.0,0.0,0.0,0.0,0.0,0.0,0.0,0.0,0.0,0.0,0.0,0.0,0.0,5393520.0,4922496.0,4818912.0,4343880.0,1.0,1.0,1.0,1.0,898920.0,820416.0,803152.0,723980.0,12.0,12.0,12.0,12.0,-1.0,-1.0,-1.0,-1.0,0.001604,0.001611,0.0,0.003624,0.844239,0.933425,0.0,1.118483,1.187365,0.0,0.673558,0.075739,0.0,0.0,0.0,0.0,0.0,51.0,0.0,0.0,1327539.0,0.0,40.0,3057667759.0,0.0,0.0,95551495.0,-1.0,-1.0,-1.0,-1.0,0.073958,3.792871,0.0,0.001488,0.001681,0.005284,0.0,736.467395,736.468393,736.468264,0.0,0.0,0.0,0.0,0.0
f6a704ca84e2bd9a3ed164f47c76d584,772428,1614611258,1614612073,3.1,be61d366a645da748fa63df576f36a6f,8,816,,,,,,,,,,,,,,,,,,,,,,,,,,,,,,,,,,,,,,,,,,,,,,,,,,,,,,,,,,,,,,,,,,,,,,,,,,,,,,,,,,,,,,,,,,,,,,,,,,,,,,,,,,,,,,,,,,,,,,,,,,,,,,,,,,,,,,,,,,,,,,,,,,,,,,,,,,,,,,,,,,,,,,,,,,,,,,,,,,,,,,,,,,,,,,,,,,,,,,,,,,,,,,,,,,,,,,,,,,,,,,,,,,,,,,,,,,,,,,,,,,,,,,,,,,,,,,,,,,,,,,,,,,,,,,,,,,,,,,,,,,,,,,,,,,,,,,,,,,,,,,,,,,,,,,,,,,,,,,,,,,,,,,,,,,,,,,,,,,,,,,,,,,,,,,,,,,,,,,,36.0,4.0,0.0,709.0,0.0,0.0,16.0,-1.0,0.0,0.0,0.0,0.0,,0.0,346461155.0,0.0,50906957.0,0.0,474.0,0.0,579.0,0.0,0.0,193.0,8.0,675.0,16777216.0,4384.0,0.0,2.0,17.0,18.0,0.0,655.0,17.0,0.0,0.0,0.0,0.0,0.0,0.0,0.0,0.0,0.0,0.0,0.0,0.0,0.0,0.0,4459992.0,4128888.0,4000752.0,3878424.0,1.0,1.0,1.0,1.0,743332.0,688148.0,666792.0,646404.0,12.0,12.0,12.0,12.0,-1.0,-1.0,-1.0,-1.0,0.005856,0.005864,0.0,0.01006,0.858103,0.931435,0.0,1.101921,1.167842,0.0,0.511529,0.065454,0.0,0.0,0.0,0.0,0.0,51.0,0.0,0.0,1327539.0,0.0,40.0,3057667750.0,0.0,0.0,95551495.0,-1.0,-1.0,-1.0,-1.0,1.073889,3.758495,0.0,0.001409,0.007288,0.011737,0.0,814.719441,814.720476,814.720325,0.0,0.0,0.0,0.0,0.0
f6a704ca84e2bd9a3ed164f47c76d584,772675,1614615588,1614616346,3.1,94ff8bab472ad4bfcad458351a9a4cc6,8,759,,,,,,,,,,,,,,,,,,,,,,,,,,,,,,,,,,,,,,,,,,,,,,,,,,,,,,,,,,,,,,,,,,,,,,,,,,,,,,,,,,,,,,,,,,,,,,,,,,,,,,,,,,,,,,,,,,,,,,,,,,,,,,,,,,,,,,,,,,,,,,,,,,,,,,,,,,,,,,,,,,,,,,,,,,,,,,,,,,,,,,,,,,,,,,,,,,,,,,,,,,,,,,,,,,,,,,,,,,,,,,,,,,,,,,,,,,,,,,,,,,,,,,,,,,,,,,,,,,,,,,,,,,,,,,,,,,,,,,,,,,,,,,,,,,,,,,,,,,,,,,,,,,,,,,,,,,,,,,,,,,,,,,,,,,,,,,,,,,,,,,,,,,,,,,,,,,,,,,,36.0,4.0,0.0,709.0,0.0,0.0,16.0,-1.0,0.0,0.0,0.0,0.0,,0.0,346461154.0,0.0,56225615.0,0.0,474.0,0.0,579.0,0.0,0.0,296.0,8.0,675.0,16777216.0,168.0,0.0,2.0,17.0,18.0,0.0,654.0,18.0,0.0,0.0,0.0,0.0,0.0,0.0,0.0,0.0,0.0,0.0,0.0,0.0,0.0,0.0,5393232.0,4927704.0,4816560.0,4343328.0,1.0,1.0,1.0,1.0,898872.0,821284.0,802760.0,723888.0,12.0,12.0,12.0,12.0,-1.0,-1.0,-1.0,-1.0,0.00164,0.001648,0.0,0.003797,0.835367,0.936803,0.0,1.125316,1.358546,0.0,0.51263,0.073019,0.0,0.0,0.0,0.0,0.0,51.0,0.0,0.0,1327539.0,0.0,40.0,3057667767.0,0.0,0.0,95551495.0,-1.0,-1.0,-1.0,-1.0,0.07671,3.811174,0.0,0.00151,0.001717,0.005442,0.0,758.260744,758.261776,758.261635,0.0,0.0,0.0,0.0,0.0
f6a704ca84e2bd9a3ed164f47c76d584,853590,1616683826,1616683955,3.1,f120c416acd16a16094119db2245ac1b,8,130,,,,,,,,,,,,,,,,,,,,,,,,,,,,,,,,,,,,,,,,,,,,,,,,,,,,,,,,,,,,,,,,,,,,,,,,,,,,,,,,,,,,,,,,,,,,,,,,,,,,,,,,,,,,,,,,,,,,,,,,,,,,,,,,,,,,,,,,,,,,,,,,,,,,,,,,,,,,,,,,,,,,,,,,,,,,,,,,,,,,,,,,,,,,,,,,,,,,,,,,,,,,,,,,,,,,,,,,,,,,,,,,,,,,,,,,,,,,,,,,,,,,,,,,,,,,,,,,,,,,,,,,,,,,,,,,,,,,,,,,,,,,,,,,,,,,,,,,,,,,,,,,,,,,,,,,,,,,,,,,,,,,,,,,,,,,,,,,,,,,,,,,,,,,,,,,,,,,,,,33.0,7.0,0.0,146.0,0.0,0.0,16.0,-1.0,0.0,0.0,0.0,0.0,,0.0,243358439.0,0.0,130101345.0,0.0,77.0,0.0,102.0,0.0,0.0,0.0,8.0,118.0,16777216.0,5324200.0,0.0,3.0,13.0,18.0,0.0,5.0,104.0,3.0,0.0,0.0,0.0,0.0,0.0,0.0,0.0,0.0,0.0,0.0,0.0,0.0,0.0,16920816.0,15972624.0,13156536.0,12206376.0,1.0,1.0,1.0,1.0,2820136.0,2662104.0,2192756.0,2034396.0,12.0,12.0,12.0,12.0,-1.0,-1.0,-1.0,-1.0,0.001816,0.001824,0.0,0.004605,0.614296,0.646397,0.0,1.167088,0.036425,0.0,0.010245,0.000961,0.0,0.0,0.0,0.0,0.0,53.0,0.0,0.0,393492.0,0.0,41.0,268970162.0,0.0,0.0,8388615.0,-1.0,-1.0,-1.0,-1.0,0.059116,0.365355,0.0,0.001698,0.001894,0.006256,0.0,128.782902,128.783472,128.783233,0.0,0.0,0.0,0.0,0.0
f6a704ca84e2bd9a3ed164f47c76d584,853421,1616680789,1616680914,3.1,d22eea13a84c8faae50ac3cab8abc038,8,126,,,,,,,,,,,,,,,,,,,,,,,,,,,,,,,,,,,,,,,,,,,,,,,,,,,,,,,,,,,,,,,,,,,,,,,,,,,,,,,,,,,,,,,,,,,,,,,,,,,,,,,,,,,,,,,,,,,,,,,,,,,,,,,,,,,,,,,,,,,,,,,,,,,,,,,,,,,,,,,,,,,,,,,,,,,,,,,,,,,,,,,,,,,,,,,,,,,,,,,,,,,,,,,,,,,,,,,,,,,,,,,,,,,,,,,,,,,,,,,,,,,,,,,,,,,,,,,,,,,,,,,,,,,,,,,,,,,,,,,,,,,,,,,,,,,,,,,,,,,,,,,,,,,,,,,,,,,,,,,,,,,,,,,,,,,,,,,,,,,,,,,,,,,,,,,,,,,,,,,33.0,7.0,0.0,146.0,0.0,0.0,16.0,-1.0,0.0,0.0,0.0,0.0,,0.0,243358439.0,0.0,137753865.0,0.0,77.0,0.0,102.0,0.0,0.0,0.0,8.0,118.0,16777216.0,2410568.0,0.0,3.0,13.0,18.0,0.0,16.0,92.0,4.0,0.0,0.0,0.0,0.0,0.0,0.0,0.0,0.0,0.0,0.0,0.0,0.0,0.0,21194544.0,19143576.0,14463408.0,13141872.0,1.0,1.0,1.0,1.0,3532424.0,3190596.0,2410568.0,2190312.0,12.0,12.0,12.0,12.0,-1.0,-1.0,-1.0,-1.0,0.001558,0.001566,0.0,0.004941,0.875259,1.046613,0.0,1.782099,1.262537,0.0,0.636294,0.077273,0.0,0.0,0.0,0.0,0.0,51.0,0.0,0.0,262419.0,0.0,40.0,268445830.0,0.0,0.0,8388615.0,-1.0,-1.0,-1.0,-1.0,0.07061,0.342764,0.0,0.001444,0.001629,0.006698,0.0,124.146945,124.14745,124.14726,0.0,0.0,0.0,0.0,0.0
f6a704ca84e2bd9a3ed164f47c76d584,853536,1616683258,1616683381,3.1,cbb9b28c7d2825e03eb238688b7b851f,8,124,,,,,,,,,,,,,,,,,,,,,,,,,,,,,,,,,,,,,,,,,,,,,,,,,,,,,,,,,,,,,,,,,,,,,,,,,,,,,,,,,,,,,,,,,,,,,,,,,,,,,,,,,,,,,,,,,,,,,,,,,,,,,,,,,,,,,,,,,,,,,,,,,,,,,,,,,,,,,,,,,,,,,,,,,,,,,,,,,,,,,,,,,,,,,,,,,,,,,,,,,,,,,,,,,,,,,,,,,,,,,,,,,,,,,,,,,,,,,,,,,,,,,,,,,,,,,,,,,,,,,,,,,,,,,,,,,,,,,,,,,,,,,,,,,,,,,,,,,,,,,,,,,,,,,,,,,,,,,,,,,,,,,,,,,,,,,,,,,,,,,,,,,,,,,,,,,,,,,,,33.0,7.0,0.0,146.0,0.0,0.0,16.0,-1.0,0.0,0.0,0.0,0.0,,0.0,243358439.0,0.0,137753865.0,0.0,77.0,0.0,102.0,0.0,0.0,0.0,8.0,118.0,16777216.0,2410568.0,0.0,3.0,13.0,18.0,0.0,16.0,92.0,4.0,0.0,0.0,0.0,0.0,0.0,0.0,0.0,0.0,0.0,0.0,0.0,0.0,0.0,21194544.0,19143576.0,14463408.0,13141872.0,1.0,1.0,1.0,1.0,3532424.0,3190596.0,2410568.0,2190312.0,12.0,12.0,12.0,12.0,-1.0,-1.0,-1.0,-1.0,0.001705,0.001712,0.0,0.003927,0.747729,0.923602,0.0,1.651124,0.94796,0.0,0.461492,0.071344,0.0,0.0,0.0,0.0,0.0,51.0,0.0,0.0,262419.0,0.0,40.0,268445829.0,0.0,0.0,8388615.0,-1.0,-1.0,-1.0,-1.0,0.060971,0.342255,0.0,0.001584,0.00178,0.005633,0.0,122.783077,122.783587,122.783389,0.0,0.0,0.0,0.0,0.0
f6a704ca84e2bd9a3ed164f47c76d584,800667,1615321893,1615322715,3.1,e0f1bd17751d99056db33d6ca6935a80,64,823,,,,,,,,,,,,,,,,,,,,,,,,,,,,,,,,,,,,,,,,,,,,,,,,,,,,,,,,,,,,,,,,,,,,,,,,,,,,,,,,,,,,,,,,,,,,,,,,,,,,,,,,,,,,,,,,,,,,,,,,,,,,,,,,,,,,,,,,,,,,,,,,,,,,,,,,,,,,,,,,,,,,,,,,,,,,,,,,,,,,,,,,,,,,,,,,,,,,,,,,,,,,,,,,,,,,,,,,,,,,,,,,,,,,,,,,,,,,,,,,,,,,,,,,,,,,,,,,,,,,,,,,,,,,,,,,,,,,,,,,,,,,,,,,,,,,,,,,,,,,,,,,,,,,,,,,,,,,,,,,,,,,,,,,,,,,,,,,,,,,,,,,,,,,,,,,,,,,,,,257.0,7.0,0.0,1154.0,0.0,0.0,128.0,-1.0,0.0,0.0,0.0,0.0,,0.0,1946767943.0,0.0,360347139.0,0.0,581.0,0.0,774.0,0.0,0.0,0.0,8.0,902.0,16777216.0,2581856.0,0.0,2.0,126.0,130.0,0.0,32.0,832.0,32.0,0.0,0.0,0.0,0.0,0.0,0.0,0.0,0.0,0.0,0.0,0.0,0.0,0.0,21012096.0,19512408.0,17298192.0,16907448.0,1.0,1.0,1.0,1.0,4288.0,168.0,3502016.0,3252068.0,56.0,48.0,12.0,12.0,-1.0,-1.0,-1.0,-1.0,0.001797,0.001805,0.0,0.004413,0.975751,1.142732,0.0,1.75697,14.391598,0.0,6.488256,0.125701,0.0,0.0,0.0,0.0,0.0,387.0,0.0,0.0,4195411.0,0.0,40.0,17179905300.0,0.0,0.0,67108871.0,-1.0,-1.0,-1.0,-1.0,1.288193,20.838012,0.0,0.001677,0.001875,0.006267,0.0,821.941862,821.94348,821.94331,0.0,0.0,0.0,0.0,0.0
f6a704ca84e2bd9a3ed164f47c76d584,800518,1615311936,1615312812,3.1,98129be9459f6b23e5f4ef741fe72fc6,64,877,,,,,,,,,,,,,,,,,,,,,,,,,,,,,,,,,,,,,,,,,,,,,,,,,,,,,,,,,,,,,,,,,,,,,,,,,,,,,,,,,,,,,,,,,,,,,,,,,,,,,,,,,,,,,,,,,,,,,,,,,,,,,,,,,,,,,,,,,,,,,,,,,,,,,,,,,,,,,,,,,,,,,,,,,,,,,,,,,,,,,,,,,,,,,,,,,,,,,,,,,,,,,,,,,,,,,,,,,,,,,,,,,,,,,,,,,,,,,,,,,,,,,,,,,,,,,,,,,,,,,,,,,,,,,,,,,,,,,,,,,,,,,,,,,,,,,,,,,,,,,,,,,,,,,,,,,,,,,,,,,,,,,,,,,,,,,,,,,,,,,,,,,,,,,,,,,,,,,,,257.0,7.0,0.0,1154.0,0.0,0.0,128.0,-1.0,0.0,0.0,0.0,0.0,,0.0,1946767943.0,0.0,361069239.0,0.0,581.0,0.0,774.0,0.0,0.0,0.0,8.0,902.0,16777216.0,3892496.0,0.0,2.0,126.0,130.0,0.0,31.0,832.0,33.0,0.0,0.0,0.0,0.0,0.0,0.0,0.0,0.0,0.0,0.0,0.0,0.0,0.0,17733288.0,17130264.0,15412800.0,15394464.0,1.0,1.0,1.0,1.0,4288.0,168.0,2955548.0,2855044.0,56.0,48.0,12.0,12.0,-1.0,-1.0,-1.0,-1.0,0.001662,0.00167,0.0,0.004286,0.953331,1.159364,0.0,1.671216,14.333368,0.0,6.553731,0.13078,0.0,0.0,0.0,0.0,0.0,387.0,0.0,0.0,4195411.0,0.0,40.0,17179905297.0,0.0,0.0,67108871.0,-1.0,-1.0,-1.0,-1.0,1.148834,20.851241,0.0,0.001545,0.001738,0.006079,0.0,875.621547,875.623061,875.622929,0.0,0.0,0.0,0.0,0.0
f6a704ca84e2bd9a3ed164f47c76d584,803818,1615400271,1615400890,3.1,441ca822cd3e24e42fc4fd08175557f5,8,620,,,,,,,,,,,,,,,,,,,,,,,,,,,,,,,,,,,,,,,,,,,,,,,,,,,,,,,,,,,,,,,,,,,,,,,,,,,,,,,,,,,,,,,,,,,,,,,,,,,,,,,,,,,,,,,,,,,,,,,,,,,,,,,,,,,,,,,,,,,,,,,,,,,,,,,,,,,,,,,,,,,,,,,,,,,,,,,,,,,,,,,,,,,,,,,,,,,,,,,,,,,,,,,,,,,,,,,,,,,,,,,,,,,,,,,,,,,,,,,,,,,,,,,,,,,,,,,,,,,,,,,,,,,,,,,,,,,,,,,,,,,,,,,,,,,,,,,,,,,,,,,,,,,,,,,,,,,,,,,,,,,,,,,,,,,,,,,,,,,,,,,,,,,,,,,,,,,,,,,87.0,7.0,0.0,984.0,0.0,0.0,16.0,-1.0,0.0,0.0,0.0,0.0,,0.0,1946380734.0,0.0,360347139.0,0.0,629.0,0.0,774.0,0.0,0.0,366.0,8.0,902.0,16777216.0,1910504.0,0.0,2.0,41.0,45.0,0.0,32.0,832.0,32.0,0.0,0.0,0.0,0.0,0.0,0.0,0.0,0.0,0.0,0.0,0.0,0.0,0.0,21012096.0,19512408.0,17298192.0,16907448.0,1.0,1.0,1.0,1.0,3502016.0,3252068.0,2883032.0,2817908.0,12.0,12.0,12.0,12.0,-1.0,-1.0,-1.0,-1.0,0.001767,0.001807,0.0,0.004036,1.62852,1.879443,0.0,4.395352,4.304016,0.0,0.890235,0.274588,0.0,0.0,0.0,0.0,0.0,51.0,0.0,0.0,1048979.0,0.0,40.0,2147501828.0,0.0,0.0,67108871.0,-1.0,-1.0,-1.0,-1.0,0.089486,2.762795,0.0,0.001648,0.001882,0.005783,0.0,618.217645,618.218627,618.218483,0.0,0.0,0.0,0.0,0.0
f6a704ca84e2bd9a3ed164f47c76d584,803685,1615397337,1615397976,3.1,168945612327b542d4d0d877aa76fb02,8,640,,,,,,,,,,,,,,,,,,,,,,,,,,,,,,,,,,,,,,,,,,,,,,,,,,,,,,,,,,,,,,,,,,,,,,,,,,,,,,,,,,,,,,,,,,,,,,,,,,,,,,,,,,,,,,,,,,,,,,,,,,,,,,,,,,,,,,,,,,,,,,,,,,,,,,,,,,,,,,,,,,,,,,,,,,,,,,,,,,,,,,,,,,,,,,,,,,,,,,,,,,,,,,,,,,,,,,,,,,,,,,,,,,,,,,,,,,,,,,,,,,,,,,,,,,,,,,,,,,,,,,,,,,,,,,,,,,,,,,,,,,,,,,,,,,,,,,,,,,,,,,,,,,,,,,,,,,,,,,,,,,,,,,,,,,,,,,,,,,,,,,,,,,,,,,,,,,,,,,,87.0,7.0,0.0,984.0,0.0,0.0,16.0,-1.0,0.0,0.0,0.0,0.0,,0.0,1946380734.0,0.0,360661963.0,0.0,629.0,0.0,774.0,0.0,0.0,386.0,8.0,902.0,16777216.0,1401960.0,0.0,2.0,41.0,45.0,0.0,32.0,832.0,32.0,0.0,0.0,0.0,0.0,0.0,0.0,0.0,0.0,0.0,0.0,0.0,0.0,0.0,18956592.0,18115080.0,16114680.0,16010904.0,1.0,1.0,1.0,1.0,3159432.0,3019180.0,2685780.0,2668484.0,12.0,12.0,12.0,12.0,-1.0,-1.0,-1.0,-1.0,0.001645,0.001653,0.0,0.003688,1.421162,1.614062,0.0,4.099257,3.707061,0.0,0.748278,0.085025,0.0,0.0,0.0,0.0,0.0,51.0,0.0,0.0,1048979.0,0.0,40.0,2147501828.0,0.0,0.0,67108871.0,-1.0,-1.0,-1.0,-1.0,0.096609,2.735949,0.0,0.001533,0.001718,0.005279,0.0,638.446468,638.447433,638.447284,0.0,0.0,0.0,0.0,0.0
f6a704ca84e2bd9a3ed164f47c76d584,885130,1617784628,1617784747,3.1,a2ecf94c5ef9041d65628828c8305c8c,8,120,,,,,,,,,,,,,,,,,,,,,,,,,,,,,,,,,,,,,,,,,,,,,,,,,,,,,,,,,,,,,,,,,,,,,,,,,,,,,,,,,,,,,,,,,,,,,,,,,,,,,,,,,,,,,,,,,,,,,,,,,,,,,,,,,,,,,,,,,,,,,,,,,,,,,,,,,,,,,,,,,,,,,,,,,,,,,,,,,,,,,,,,,,,,,,,,,,,,,,,,,,,,,,,,,,,,,,,,,,,,,,,,,,,,,,,,,,,,,,,,,,,,,,,,,,,,,,,,,,,,,,,,,,,,,,,,,,,,,,,,,,,,,,,,,,,,,,,,,,,,,,,,,,,,,,,,,,,,,,,,,,,,,,,,,,,,,,,,,,,,,,,,,,,,,,,,,,,,,,,33.0,7.0,0.0,146.0,0.0,0.0,16.0,-1.0,0.0,0.0,0.0,0.0,,0.0,243358427.0,0.0,137769699.0,0.0,77.0,0.0,102.0,0.0,0.0,0.0,8.0,118.0,16777216.0,2189204.0,0.0,3.0,13.0,18.0,0.0,16.0,92.0,4.0,0.0,0.0,0.0,0.0,0.0,0.0,0.0,0.0,0.0,0.0,0.0,0.0,0.0,21173304.0,19142040.0,14463168.0,13135224.0,1.0,1.0,1.0,1.0,3528884.0,3190340.0,2410528.0,2189204.0,12.0,12.0,12.0,12.0,-1.0,-1.0,-1.0,-1.0,0.001688,0.001696,0.0,0.003844,0.847903,1.060049,0.0,1.797723,1.451599,0.0,0.545341,0.097352,0.0,0.0,0.0,0.0,0.0,53.0,0.0,0.0,393492.0,0.0,41.0,268970165.0,0.0,0.0,8388615.0,-1.0,-1.0,-1.0,-1.0,0.065633,0.376257,0.0,0.001572,0.001761,0.005538,0.0,119.312258,119.312775,119.312589,0.0,0.0,0.0,0.0,0.0
f6a704ca84e2bd9a3ed164f47c76d584,887065,1617834082,1617834741,3.1,6172898fd81fead67f39ecd883754c62,8,660,,,,,,,,,,,,,,,,,,,,,,,,,,,,,,,,,,,,,,,,,,,,,,,,,,,,,,,,,,,,,,,,,,,,,,,,,,,,,,,,,,,,,,,,,,,,,,,,,,,,,,,,,,,,,,,,,,,,,,,,,,,,,,,,,,,,,,,,,,,,,,,,,,,,,,,,,,,,,,,,,,,,,,,,,,,,,,,,,,,,,,,,,,,,,,,,,,,,,,,,,,,,,,,,,,,,,,,,,,,,,,,,,,,,,,,,,,,,,,,,,,,,,,,,,,,,,,,,,,,,,,,,,,,,,,,,,,,,,,,,,,,,,,,,,,,,,,,,,,,,,,,,,,,,,,,,,,,,,,,,,,,,,,,,,,,,,,,,,,,,,,,,,,,,,,,,,,,,,,,87.0,7.0,0.0,984.0,0.0,0.0,16.0,-1.0,0.0,0.0,0.0,0.0,,0.0,1946380734.0,0.0,361069239.0,0.0,629.0,0.0,774.0,0.0,0.0,452.0,8.0,902.0,16777216.0,2427640.0,0.0,2.0,41.0,45.0,0.0,31.0,832.0,33.0,0.0,0.0,0.0,0.0,0.0,0.0,0.0,0.0,0.0,0.0,0.0,0.0,0.0,17733288.0,17130264.0,15412800.0,15394464.0,1.0,1.0,1.0,1.0,2955548.0,2855044.0,2568800.0,2565744.0,12.0,12.0,12.0,12.0,-1.0,-1.0,-1.0,-1.0,0.003258,0.003266,0.0,0.006737,1.382457,1.624722,0.0,4.202716,3.65913,0.0,0.646433,0.08131,0.0,0.0,0.0,0.0,0.0,53.0,0.0,0.0,1573268.0,0.0,41.0,2149599024.0,0.0,0.0,67108871.0,-1.0,-1.0,-1.0,-1.0,0.095669,2.777386,0.0,0.003143,0.003336,0.008473,0.0,659.041956,659.042847,659.042725,0.0,0.0,0.0,0.0,0.0
f6a704ca84e2bd9a3ed164f47c76d584,886613,1617812585,1617813219,3.1,aeec216c346a619b24a8d1489d2eb359,8,635,,,,,,,,,,,,,,,,,,,,,,,,,,,,,,,,,,,,,,,,,,,,,,,,,,,,,,,,,,,,,,,,,,,,,,,,,,,,,,,,,,,,,,,,,,,,,,,,,,,,,,,,,,,,,,,,,,,,,,,,,,,,,,,,,,,,,,,,,,,,,,,,,,,,,,,,,,,,,,,,,,,,,,,,,,,,,,,,,,,,,,,,,,,,,,,,,,,,,,,,,,,,,,,,,,,,,,,,,,,,,,,,,,,,,,,,,,,,,,,,,,,,,,,,,,,,,,,,,,,,,,,,,,,,,,,,,,,,,,,,,,,,,,,,,,,,,,,,,,,,,,,,,,,,,,,,,,,,,,,,,,,,,,,,,,,,,,,,,,,,,,,,,,,,,,,,,,,,,,,87.0,7.0,0.0,984.0,0.0,0.0,16.0,-1.0,0.0,0.0,0.0,0.0,,0.0,1946380734.0,0.0,360211593.0,0.0,629.0,0.0,774.0,0.0,0.0,382.0,8.0,902.0,16777216.0,2334144.0,0.0,2.0,41.0,45.0,0.0,32.0,832.0,32.0,0.0,0.0,0.0,0.0,0.0,0.0,0.0,0.0,0.0,0.0,0.0,0.0,0.0,19815240.0,18765648.0,16688712.0,16446120.0,1.0,1.0,1.0,1.0,3302540.0,3127608.0,2781452.0,2741020.0,12.0,12.0,12.0,12.0,-1.0,-1.0,-1.0,-1.0,0.001565,0.001572,0.0,0.003585,1.220818,1.347019,0.0,3.866751,1.16242,0.0,0.194685,0.064811,0.0,0.0,0.0,0.0,0.0,51.0,0.0,0.0,1048979.0,0.0,40.0,2147501827.0,0.0,0.0,67108871.0,-1.0,-1.0,-1.0,-1.0,0.22874,2.674914,0.0,0.001447,0.001641,0.005327,0.0,633.626917,633.627858,633.627729,0.0,0.0,0.0,0.0,0.0
f6a704ca84e2bd9a3ed164f47c76d584,912707,1618849095,1618849741,3.1,67f9425494b096944068823569bbeb54,8,647,,,,,,,,,,,,,,,,,,,,,,,,,,,,,,,,,,,,,,,,,,,,,,,,,,,,,,,,,,,,,,,,,,,,,,,,,,,,,,,,,,,,,,,,,,,,,,,,,,,,,,,,,,,,,,,,,,,,,,,,,,,,,,,,,,,,,,,,,,,,,,,,,,,,,,,,,,,,,,,,,,,,,,,,,,,,,,,,,,,,,,,,,,,,,,,,,,,,,,,,,,,,,,,,,,,,,,,,,,,,,,,,,,,,,,,,,,,,,,,,,,,,,,,,,,,,,,,,,,,,,,,,,,,,,,,,,,,,,,,,,,,,,,,,,,,,,,,,,,,,,,,,,,,,,,,,,,,,,,,,,,,,,,,,,,,,,,,,,,,,,,,,,,,,,,,,,,,,,,,37.0,7.0,0.0,262.0,0.0,0.0,16.0,-1.0,0.0,0.0,0.0,0.0,,0.0,1946255336.0,0.0,507297443.0,0.0,157.0,0.0,198.0,0.0,0.0,92.0,8.0,230.0,16777216.0,19655264.0,0.0,3.0,15.0,20.0,0.0,0.0,9.0,199.0,16.0,0.0,0.0,0.0,0.0,0.0,0.0,0.0,0.0,0.0,0.0,0.0,0.0,58965816.0,57186696.0,55947432.0,53604720.0,1.0,1.0,1.0,1.0,9827636.0,9531116.0,9324572.0,8934120.0,12.0,12.0,12.0,12.0,-1.0,-1.0,-1.0,-1.0,0.001815,0.001824,0.0,0.003855,0.957904,1.540496,0.0,4.053077,2.833562,0.0,0.656532,0.103716,0.0,0.0,0.0,0.0,0.0,51.0,0.0,0.0,1049061.0,0.0,49.0,2147502313.0,0.0,0.0,67108871.0,-1.0,-1.0,-1.0,-1.0,0.086112,2.680242,0.0,0.001698,0.001893,0.005532,0.0,645.679475,645.680382,645.680239,0.0,0.0,0.0,0.0,0.0
f6a704ca84e2bd9a3ed164f47c76d584,913005,1618855300,1618855522,3.1,29b89fef701bcf53eb0f9eb6f399d36b,8,223,,,,,,,,,,,,,,,,,,,,,,,,,,,,,,,,,,,,,,,,,,,,,,,,,,,,,,,,,,,,,,,,,,,,,,,,,,,,,,,,,,,,,,,,,,,,,,,,,,,,,,,,,,,,,,,,,,,,,,,,,,,,,,,,,,,,,,,,,,,,,,,,,,,,,,,,,,,,,,,,,,,,,,,,,,,,,,,,,,,,,,,,,,,,,,,,,,,,,,,,,,,,,,,,,,,,,,,,,,,,,,,,,,,,,,,,,,,,,,,,,,,,,,,,,,,,,,,,,,,,,,,,,,,,,,,,,,,,,,,,,,,,,,,,,,,,,,,,,,,,,,,,,,,,,,,,,,,,,,,,,,,,,,,,,,,,,,,,,,,,,,,,,,,,,,,,,,,,,,,87.0,7.0,0.0,984.0,0.0,0.0,16.0,-1.0,0.0,0.0,0.0,0.0,,0.0,1946380743.0,0.0,360800525.0,0.0,629.0,0.0,774.0,0.0,0.0,315.0,8.0,902.0,16777216.0,1454136.0,0.0,2.0,41.0,45.0,0.0,32.0,832.0,32.0,0.0,0.0,0.0,0.0,0.0,0.0,0.0,0.0,0.0,0.0,0.0,0.0,0.0,18330312.0,17599032.0,15724368.0,15699360.0,1.0,1.0,1.0,1.0,3055052.0,2933172.0,2620728.0,2616560.0,12.0,12.0,12.0,12.0,-1.0,-1.0,-1.0,-1.0,0.001532,0.00154,0.0,0.003832,1.518909,1.721406,0.0,4.216277,3.821295,0.0,0.927508,0.099193,0.0,0.0,0.0,0.0,0.0,51.0,0.0,0.0,1049061.0,0.0,49.0,2147502309.0,0.0,0.0,67108871.0,-1.0,-1.0,-1.0,-1.0,0.099997,2.693578,0.0,0.001418,0.001603,0.005577,0.0,221.620018,221.622744,221.62083,0.0,0.0,0.0,0.0,0.0
f6a704ca84e2bd9a3ed164f47c76d584,903472,1618450657,1618451301,3.1,6fdf42db9cc722e8f3a953f0518e472d,8,645,,,,,,,,,,,,,,,,,,,,,,,,,,,,,,,,,,,,,,,,,,,,,,,,,,,,,,,,,,,,,,,,,,,,,,,,,,,,,,,,,,,,,,,,,,,,,,,,,,,,,,,,,,,,,,,,,,,,,,,,,,,,,,,,,,,,,,,,,,,,,,,,,,,,,,,,,,,,,,,,,,,,,,,,,,,,,,,,,,,,,,,,,,,,,,,,,,,,,,,,,,,,,,,,,,,,,,,,,,,,,,,,,,,,,,,,,,,,,,,,,,,,,,,,,,,,,,,,,,,,,,,,,,,,,,,,,,,,,,,,,,,,,,,,,,,,,,,,,,,,,,,,,,,,,,,,,,,,,,,,,,,,,,,,,,,,,,,,,,,,,,,,,,,,,,,,,,,,,,,87.0,7.0,0.0,984.0,0.0,0.0,16.0,-1.0,0.0,0.0,0.0,0.0,,0.0,1946380734.0,0.0,360800525.0,0.0,629.0,0.0,774.0,0.0,0.0,315.0,8.0,902.0,16777216.0,2323644.0,0.0,2.0,41.0,45.0,0.0,32.0,832.0,32.0,0.0,0.0,0.0,0.0,0.0,0.0,0.0,0.0,0.0,0.0,0.0,0.0,0.0,18330312.0,17599032.0,15724368.0,15699360.0,1.0,1.0,1.0,1.0,3055052.0,2933172.0,2620728.0,2616560.0,12.0,12.0,12.0,12.0,-1.0,-1.0,-1.0,-1.0,0.001547,0.001555,0.0,0.003573,1.641901,1.932249,0.0,4.396055,5.52788,0.0,1.027364,0.115569,0.0,0.0,0.0,0.0,0.0,51.0,0.0,0.0,1049061.0,0.0,49.0,2147502309.0,0.0,0.0,67108871.0,-1.0,-1.0,-1.0,-1.0,0.250051,2.816669,0.0,0.00143,0.001623,0.005468,0.0,643.224183,643.225117,643.224989,0.0,0.0,0.0,0.0,0.0
f6a704ca84e2bd9a3ed164f47c76d584,902799,1618427597,1618428234,3.1,168945612327b542d4d0d877aa76fb02,8,638,,,,,,,,,,,,,,,,,,,,,,,,,,,,,,,,,,,,,,,,,,,,,,,,,,,,,,,,,,,,,,,,,,,,,,,,,,,,,,,,,,,,,,,,,,,,,,,,,,,,,,,,,,,,,,,,,,,,,,,,,,,,,,,,,,,,,,,,,,,,,,,,,,,,,,,,,,,,,,,,,,,,,,,,,,,,,,,,,,,,,,,,,,,,,,,,,,,,,,,,,,,,,,,,,,,,,,,,,,,,,,,,,,,,,,,,,,,,,,,,,,,,,,,,,,,,,,,,,,,,,,,,,,,,,,,,,,,,,,,,,,,,,,,,,,,,,,,,,,,,,,,,,,,,,,,,,,,,,,,,,,,,,,,,,,,,,,,,,,,,,,,,,,,,,,,,,,,,,,,87.0,7.0,0.0,984.0,0.0,0.0,16.0,-1.0,0.0,0.0,0.0,0.0,,0.0,1946380734.0,0.0,360661963.0,0.0,629.0,0.0,774.0,0.0,0.0,386.0,8.0,902.0,16777216.0,2009708.0,0.0,2.0,41.0,45.0,0.0,32.0,832.0,32.0,0.0,0.0,0.0,0.0,0.0,0.0,0.0,0.0,0.0,0.0,0.0,0.0,0.0,18956592.0,18115080.0,16114680.0,16010904.0,1.0,1.0,1.0,1.0,3159432.0,3019180.0,2685780.0,2668484.0,12.0,12.0,12.0,12.0,-1.0,-1.0,-1.0,-1.0,0.00158,0.001588,0.0,0.003616,1.571196,1.910424,0.0,4.423871,4.282348,0.0,1.067654,0.238824,0.0,0.0,0.0,0.0,0.0,51.0,0.0,0.0,1049061.0,0.0,49.0,2147502307.0,0.0,0.0,67108871.0,-1.0,-1.0,-1.0,-1.0,0.102219,2.696413,0.0,0.001464,0.001652,0.005265,0.0,636.970319,636.971298,636.97115,0.0,0.0,0.0,0.0,0.0
f6a704ca84e2bd9a3ed164f47c76d584,924884,1619210038,1619210171,3.1,c4fb29d133469c1c27ac80a718f00b52,8,134,,,,,,,,,,,,,,,,,,,,,,,,,,,,,,,,,,,,,,,,,,,,,,,,,,,,,,,,,,,,,,,,,,,,,,,,,,,,,,,,,,,,,,,,,,,,,,,,,,,,,,,,,,,,,,,,,,,,,,,,,,,,,,,,,,,,,,,,,,,,,,,,,,,,,,,,,,,,,,,,,,,,,,,,,,,,,,,,,,,,,,,,,,,,,,,,,,,,,,,,,,,,,,,,,,,,,,,,,,,,,,,,,,,,,,,,,,,,,,,,,,,,,,,,,,,,,,,,,,,,,,,,,,,,,,,,,,,,,,,,,,,,,,,,,,,,,,,,,,,,,,,,,,,,,,,,,,,,,,,,,,,,,,,,,,,,,,,,,,,,,,,,,,,,,,,,,,,,,,,37.0,7.0,0.0,262.0,0.0,0.0,16.0,-1.0,0.0,0.0,0.0,0.0,,0.0,1946256100.0,0.0,973687393.0,0.0,157.0,0.0,198.0,0.0,0.0,67.0,8.0,230.0,16777216.0,16617400.0,0.0,3.0,15.0,20.0,0.0,0.0,9.0,199.0,16.0,0.0,0.0,0.0,0.0,0.0,0.0,0.0,0.0,0.0,0.0,0.0,0.0,58988496.0,57206136.0,55965120.0,53614152.0,1.0,1.0,1.0,1.0,9831416.0,9534356.0,9327520.0,8935692.0,12.0,12.0,12.0,12.0,-1.0,-1.0,-1.0,-1.0,0.00232,0.00233,0.0,0.004586,0.975697,1.827793,0.0,4.258664,5.209472,0.0,0.706397,0.117491,0.0,0.0,0.0,0.0,0.0,51.0,0.0,0.0,262501.0,0.0,49.0,268446315.0,0.0,0.0,8388615.0,-1.0,-1.0,-1.0,-1.0,0.070557,0.348915,0.0,0.002168,0.00242,0.006383,0.0,133.044751,133.04526,133.045045,0.0,0.0,0.0,0.0,0.0
f6a704ca84e2bd9a3ed164f47c76d584,900191,1618327695,1618328362,3.1,0cb4cef01298f4dca45875ec4e90d892,8,668,,,,,,,,,,,,,,,,,,,,,,,,,,,,,,,,,,,,,,,,,,,,,,,,,,,,,,,,,,,,,,,,,,,,,,,,,,,,,,,,,,,,,,,,,,,,,,,,,,,,,,,,,,,,,,,,,,,,,,,,,,,,,,,,,,,,,,,,,,,,,,,,,,,,,,,,,,,,,,,,,,,,,,,,,,,,,,,,,,,,,,,,,,,,,,,,,,,,,,,,,,,,,,,,,,,,,,,,,,,,,,,,,,,,,,,,,,,,,,,,,,,,,,,,,,,,,,,,,,,,,,,,,,,,,,,,,,,,,,,,,,,,,,,,,,,,,,,,,,,,,,,,,,,,,,,,,,,,,,,,,,,,,,,,,,,,,,,,,,,,,,,,,,,,,,,,,,,,,,,25.0,7.0,0.0,39.0,0.0,0.0,16.0,-1.0,0.0,0.0,0.0,0.0,,0.0,1946228198.0,0.0,1946161311.0,0.0,9.0,0.0,14.0,0.0,0.0,0.0,8.0,19.0,65536.0,134217736.0,0.0,2.0,9.0,14.0,0.0,0.0,0.0,0.0,1.0,13.0,0.0,0.0,0.0,0.0,0.0,0.0,0.0,0.0,0.0,0.0,0.0,469762072.0,402653208.0,335544344.0,134217736.0,1.0,1.0,1.0,1.0,134217736.0,4144.0,168.0,8191.0,12.0,9.0,7.0,3.0,-1.0,-1.0,-1.0,-1.0,0.004705,0.004713,0.0,0.006722,0.834118,3.350485,0.0,9.695374,1.166629,0.0,0.07823,0.229462,0.0,0.0,0.0,0.0,0.0,53.0,0.0,0.0,1573268.0,0.0,41.0,2149599032.0,0.0,0.0,67108871.0,-1.0,-1.0,-1.0,-1.0,0.139193,2.741703,0.0,0.001607,0.004776,0.008422,0.0,666.476002,666.476868,666.476746,0.0,0.0,0.0,0.0,0.0
f6a704ca84e2bd9a3ed164f47c76d584,900573,1618339219,1618339875,3.1,3613ca27d5d01fc732593d38ac930458,8,657,,,,,,,,,,,,,,,,,,,,,,,,,,,,,,,,,,,,,,,,,,,,,,,,,,,,,,,,,,,,,,,,,,,,,,,,,,,,,,,,,,,,,,,,,,,,,,,,,,,,,,,,,,,,,,,,,,,,,,,,,,,,,,,,,,,,,,,,,,,,,,,,,,,,,,,,,,,,,,,,,,,,,,,,,,,,,,,,,,,,,,,,,,,,,,,,,,,,,,,,,,,,,,,,,,,,,,,,,,,,,,,,,,,,,,,,,,,,,,,,,,,,,,,,,,,,,,,,,,,,,,,,,,,,,,,,,,,,,,,,,,,,,,,,,,,,,,,,,,,,,,,,,,,,,,,,,,,,,,,,,,,,,,,,,,,,,,,,,,,,,,,,,,,,,,,,,,,,,,,25.0,7.0,0.0,39.0,0.0,0.0,16.0,-1.0,0.0,0.0,0.0,0.0,,0.0,1946228198.0,0.0,1946161311.0,0.0,9.0,0.0,14.0,0.0,0.0,0.0,8.0,19.0,65536.0,134217736.0,0.0,2.0,9.0,14.0,0.0,0.0,0.0,0.0,1.0,13.0,0.0,0.0,0.0,0.0,0.0,0.0,0.0,0.0,0.0,0.0,0.0,469762072.0,402653208.0,335544344.0,134217736.0,1.0,1.0,1.0,1.0,134217736.0,4144.0,168.0,8191.0,12.0,9.0,7.0,3.0,-1.0,-1.0,-1.0,-1.0,0.00195,0.001958,0.0,0.004008,0.94772,5.308534,0.0,11.660365,3.048875,0.0,0.144127,0.993962,0.0,0.0,0.0,0.0,0.0,51.0,0.0,0.0,1048979.0,0.0,40.0,2147501837.0,0.0,0.0,67108871.0,-1.0,-1.0,-1.0,-1.0,0.111961,2.671883,0.0,0.001834,0.002024,0.005769,0.0,655.36064,655.361641,655.361473,0.0,0.0,0.0,0.0,0.0
f6a704ca84e2bd9a3ed164f47c76d584,900726,1618341992,1618342683,3.1,69641b6929855400547aac9fa7e7ed36,8,692,,,,,,,,,,,,,,,,,,,,,,,,,,,,,,,,,,,,,,,,,,,,,,,,,,,,,,,,,,,,,,,,,,,,,,,,,,,,,,,,,,,,,,,,,,,,,,,,,,,,,,,,,,,,,,,,,,,,,,,,,,,,,,,,,,,,,,,,,,,,,,,,,,,,,,,,,,,,,,,,,,,,,,,,,,,,,,,,,,,,,,,,,,,,,,,,,,,,,,,,,,,,,,,,,,,,,,,,,,,,,,,,,,,,,,,,,,,,,,,,,,,,,,,,,,,,,,,,,,,,,,,,,,,,,,,,,,,,,,,,,,,,,,,,,,,,,,,,,,,,,,,,,,,,,,,,,,,,,,,,,,,,,,,,,,,,,,,,,,,,,,,,,,,,,,,,,,,,,,,25.0,7.0,0.0,39.0,0.0,0.0,16.0,-1.0,0.0,0.0,0.0,0.0,,0.0,1946228198.0,0.0,1946161311.0,0.0,9.0,0.0,14.0,0.0,0.0,0.0,8.0,19.0,65536.0,134217736.0,0.0,2.0,9.0,14.0,0.0,0.0,0.0,0.0,1.0,13.0,0.0,0.0,0.0,0.0,0.0,0.0,0.0,0.0,0.0,0.0,0.0,469762072.0,402653208.0,335544344.0,134217736.0,1.0,1.0,1.0,1.0,134217736.0,4144.0,168.0,8191.0,12.0,9.0,7.0,3.0,-1.0,-1.0,-1.0,-1.0,0.003301,0.003309,0.0,0.031573,0.956323,4.424016,0.0,10.745354,2.230336,0.0,0.036289,0.508617,0.0,0.0,0.0,0.0,0.0,51.0,0.0,0.0,1048979.0,0.0,40.0,2147501838.0,0.0,0.0,67108871.0,-1.0,-1.0,-1.0,-1.0,0.22299,2.722373,0.0,0.001479,0.028713,0.033245,0.0,691.48496,691.485952,691.485803,0.0,0.0,0.0,0.0,0.0
f6a704ca84e2bd9a3ed164f47c76d584,900387,1618331804,1618332473,3.1,219e01c33f25b1a3e95cae79c13dd2be,8,670,,,,,,,,,,,,,,,,,,,,,,,,,,,,,,,,,,,,,,,,,,,,,,,,,,,,,,,,,,,,,,,,,,,,,,,,,,,,,,,,,,,,,,,,,,,,,,,,,,,,,,,,,,,,,,,,,,,,,,,,,,,,,,,,,,,,,,,,,,,,,,,,,,,,,,,,,,,,,,,,,,,,,,,,,,,,,,,,,,,,,,,,,,,,,,,,,,,,,,,,,,,,,,,,,,,,,,,,,,,,,,,,,,,,,,,,,,,,,,,,,,,,,,,,,,,,,,,,,,,,,,,,,,,,,,,,,,,,,,,,,,,,,,,,,,,,,,,,,,,,,,,,,,,,,,,,,,,,,,,,,,,,,,,,,,,,,,,,,,,,,,,,,,,,,,,,,,,,,,,87.0,7.0,0.0,984.0,0.0,0.0,16.0,-1.0,0.0,0.0,0.0,0.0,,0.0,1946380734.0,0.0,361289639.0,0.0,629.0,0.0,774.0,0.0,0.0,354.0,8.0,902.0,16777216.0,1545532.0,0.0,2.0,41.0,45.0,0.0,32.0,832.0,32.0,0.0,0.0,0.0,0.0,0.0,0.0,0.0,0.0,0.0,0.0,0.0,0.0,0.0,17280432.0,16779384.0,15183504.0,15160008.0,1.0,1.0,1.0,1.0,2880072.0,2796564.0,2530584.0,2526668.0,12.0,12.0,12.0,12.0,-1.0,-1.0,-1.0,-1.0,0.003129,0.003137,0.0,0.033446,1.551869,1.783796,0.0,4.241279,3.997436,0.0,0.752681,0.100552,0.0,0.0,0.0,0.0,0.0,51.0,0.0,0.0,1048979.0,0.0,40.0,2147501829.0,0.0,0.0,67108871.0,-1.0,-1.0,-1.0,-1.0,0.364632,2.681807,0.0,0.00168,0.030868,0.035359,0.0,667.953887,667.954802,667.954666,0.0,0.0,0.0,0.0,0.0
f6a704ca84e2bd9a3ed164f47c76d584,904670,1618507259,1618508646,3.1,8051fd2c93b3bbc6473b48560c4360f5,32,1388,,,,,,,,,,,,,,,,,,,,,,,,,,,,,,,,,,,,,,,,,,,,,,,,,,,,,,,,,,,,,,,,,,,,,,,,,,,,,,,,,,,,,,,,,,,,,,,,,,,,,,,,,,,,,,,,,,,,,,,,,,,,,,,,,,,,,,,,,,,,,,,,,,,,,,,,,,,,,,,,,,,,,,,,,,,,,,,,,,,,,,,,,,,,,,,,,,,,,,,,,,,,,,,,,,,,,,,,,,,,,,,,,,,,,,,,,,,,,,,,,,,,,,,,,,,,,,,,,,,,,,,,,,,,,,,,,,,,,,,,,,,,,,,,,,,,,,,,,,,,,,,,,,,,,,,,,,,,,,,,,,,,,,,,,,,,,,,,,,,,,,,,,,,,,,,,,,,,,,,133.0,7.0,0.0,1030.0,0.0,0.0,64.0,-1.0,0.0,0.0,0.0,0.0,,0.0,1946483231.0,0.0,360668401.0,0.0,613.0,0.0,774.0,0.0,0.0,205.0,8.0,902.0,16777216.0,1666400.0,0.0,2.0,64.0,68.0,0.0,34.0,832.0,30.0,0.0,0.0,0.0,0.0,0.0,0.0,0.0,0.0,0.0,0.0,0.0,0.0,0.0,23000112.0,20461224.0,18099264.0,17706696.0,1.0,1.0,1.0,1.0,4288.0,168.0,3833352.0,3410204.0,16.0,16.0,12.0,12.0,-1.0,-1.0,-1.0,-1.0,0.001722,0.00173,0.0,0.004048,0.992287,1.291628,0.0,2.315366,9.609394,0.0,2.898925,0.131481,0.0,0.0,0.0,0.0,0.0,195.0,0.0,0.0,4195237.0,0.0,49.0,17179904751.0,0.0,0.0,134217735.0,-1.0,-1.0,-1.0,-1.0,0.527141,21.27697,0.0,0.001606,0.001795,0.005971,0.0,1386.719748,1386.721366,1386.721208,0.0,0.0,0.0,0.0,0.0
f6a704ca84e2bd9a3ed164f47c76d584,904320,1618491755,1618492391,3.1,453ad3505d2ed7d7f737e45798c36a29,8,637,,,,,,,,,,,,,,,,,,,,,,,,,,,,,,,,,,,,,,,,,,,,,,,,,,,,,,,,,,,,,,,,,,,,,,,,,,,,,,,,,,,,,,,,,,,,,,,,,,,,,,,,,,,,,,,,,,,,,,,,,,,,,,,,,,,,,,,,,,,,,,,,,,,,,,,,,,,,,,,,,,,,,,,,,,,,,,,,,,,,,,,,,,,,,,,,,,,,,,,,,,,,,,,,,,,,,,,,,,,,,,,,,,,,,,,,,,,,,,,,,,,,,,,,,,,,,,,,,,,,,,,,,,,,,,,,,,,,,,,,,,,,,,,,,,,,,,,,,,,,,,,,,,,,,,,,,,,,,,,,,,,,,,,,,,,,,,,,,,,,,,,,,,,,,,,,,,,,,,,87.0,7.0,0.0,984.0,0.0,0.0,16.0,-1.0,0.0,0.0,0.0,0.0,,0.0,1946380734.0,0.0,360661963.0,0.0,629.0,0.0,774.0,0.0,0.0,386.0,8.0,902.0,16777216.0,2230208.0,0.0,2.0,41.0,45.0,0.0,32.0,832.0,32.0,0.0,0.0,0.0,0.0,0.0,0.0,0.0,0.0,0.0,0.0,0.0,0.0,0.0,18956592.0,18115080.0,16114680.0,16010904.0,1.0,1.0,1.0,1.0,3159432.0,3019180.0,2685780.0,2668484.0,12.0,12.0,12.0,12.0,-1.0,-1.0,-1.0,-1.0,0.00174,0.001747,0.0,0.003983,1.448031,1.848826,0.0,4.386764,4.013505,0.0,0.746586,0.157426,0.0,0.0,0.0,0.0,0.0,53.0,0.0,0.0,1573350.0,0.0,50.0,2149599500.0,0.0,0.0,67108871.0,-1.0,-1.0,-1.0,-1.0,0.086104,2.824995,0.0,0.001623,0.001811,0.005687,0.0,636.45109,636.452087,636.451946,0.0,0.0,0.0,0.0,0.0
f6a704ca84e2bd9a3ed164f47c76d584,904415,1618501138,1618502551,3.1,e66d0158f4b4f1d56be7547271bc9ada,32,1414,,,,,,,,,,,,,,,,,,,,,,,,,,,,,,,,,,,,,,,,,,,,,,,,,,,,,,,,,,,,,,,,,,,,,,,,,,,,,,,,,,,,,,,,,,,,,,,,,,,,,,,,,,,,,,,,,,,,,,,,,,,,,,,,,,,,,,,,,,,,,,,,,,,,,,,,,,,,,,,,,,,,,,,,,,,,,,,,,,,,,,,,,,,,,,,,,,,,,,,,,,,,,,,,,,,,,,,,,,,,,,,,,,,,,,,,,,,,,,,,,,,,,,,,,,,,,,,,,,,,,,,,,,,,,,,,,,,,,,,,,,,,,,,,,,,,,,,,,,,,,,,,,,,,,,,,,,,,,,,,,,,,,,,,,,,,,,,,,,,,,,,,,,,,,,,,,,,,,,,133.0,7.0,0.0,1030.0,0.0,0.0,64.0,-1.0,0.0,0.0,0.0,0.0,,0.0,1946483231.0,0.0,360661963.0,0.0,613.0,0.0,774.0,0.0,0.0,203.0,8.0,902.0,16777216.0,1760200.0,0.0,2.0,64.0,68.0,0.0,32.0,832.0,32.0,0.0,0.0,0.0,0.0,0.0,0.0,0.0,0.0,0.0,0.0,0.0,0.0,0.0,18956592.0,18115080.0,16114680.0,16010904.0,1.0,1.0,1.0,1.0,4288.0,168.0,3159432.0,3019180.0,16.0,16.0,12.0,12.0,-1.0,-1.0,-1.0,-1.0,0.001749,0.001756,0.0,0.00403,0.924924,1.177298,0.0,2.078027,8.701544,0.0,3.034962,0.104114,0.0,0.0,0.0,0.0,0.0,195.0,0.0,0.0,4195237.0,0.0,49.0,17179904749.0,0.0,0.0,134217735.0,-1.0,-1.0,-1.0,-1.0,0.346219,20.931394,0.0,0.001639,0.001818,0.00586,0.0,1412.213188,1412.214615,1412.214493,0.0,0.0,0.0,0.0,0.0
f6a704ca84e2bd9a3ed164f47c76d584,990938,1620888086,1620888876,3.1,bba7e927458f3b946ec37c771c881ce1,8,791,,,,,,,,,,,,,,,,,,,,,,,,,,,,,,,,,,,,,,,,,,,,,,,,,,,,,,,,,,,,,,,,,,,,,,,,,,,,,,,,,,,,,,,,,,,,,,,,,,,,,,,,,,,,,,,,,,,,,,,,,,,,,,,,,,,,,,,,,,,,,,,,,,,,,,,,,,,,,,,,,,,,,,,,,,,,,,,,,,,,,,,,,,,,,,,,,,,,,,,,,,,,,,,,,,,,,,,,,,,,,,,,,,,,,,,,,,,,,,,,,,,,,,,,,,,,,,,,,,,,,,,,,,,,,,,,,,,,,,,,,,,,,,,,,,,,,,,,,,,,,,,,,,,,,,,,,,,,,,,,,,,,,,,,,,,,,,,,,,,,,,,,,,,,,,,,,,,,,,,87.0,7.0,0.0,1048.0,0.0,0.0,16.0,-1.0,0.0,0.0,0.0,0.0,,0.0,2080607197.0,0.0,424369431.0,0.0,693.0,0.0,838.0,0.0,0.0,397.0,8.0,966.0,16777216.0,2812900.0,0.0,2.0,41.0,45.0,0.0,93.0,818.0,48.0,1.0,0.0,0.0,0.0,0.0,0.0,0.0,0.0,0.0,0.0,0.0,0.0,0.0,37842252.0,35207872.0,26099360.0,25122832.0,1.0,1.0,1.0,1.0,5406036.0,5029696.0,3728480.0,3588976.0,13.0,13.0,13.0,13.0,-1.0,-1.0,-1.0,-1.0,0.00157,0.001578,0.0,0.004232,2.340169,2.568439,0.0,6.545782,5.155692,0.0,0.507773,0.098935,0.0,0.0,0.0,0.0,0.0,53.0,0.0,0.0,1573268.0,0.0,41.0,2149599040.0,0.0,0.0,67108871.0,-1.0,-1.0,-1.0,-1.0,0.110746,2.824852,0.0,0.001456,0.001643,0.006001,0.0,789.200246,789.201365,789.201242,0.0,0.0,0.0,0.0,0.0
f6a704ca84e2bd9a3ed164f47c76d584,980861,1620654941,1620655720,3.1,ed267f19479f806827049a4a655c589a,8,780,,,,,,,,,,,,,,,,,,,,,,,,,,,,,,,,,,,,,,,,,,,,,,,,,,,,,,,,,,,,,,,,,,,,,,,,,,,,,,,,,,,,,,,,,,,,,,,,,,,,,,,,,,,,,,,,,,,,,,,,,,,,,,,,,,,,,,,,,,,,,,,,,,,,,,,,,,,,,,,,,,,,,,,,,,,,,,,,,,,,,,,,,,,,,,,,,,,,,,,,,,,,,,,,,,,,,,,,,,,,,,,,,,,,,,,,,,,,,,,,,,,,,,,,,,,,,,,,,,,,,,,,,,,,,,,,,,,,,,,,,,,,,,,,,,,,,,,,,,,,,,,,,,,,,,,,,,,,,,,,,,,,,,,,,,,,,,,,,,,,,,,,,,,,,,,,,,,,,,,87.0,7.0,0.0,1048.0,0.0,0.0,16.0,-1.0,0.0,0.0,0.0,0.0,,0.0,2080605655.0,0.0,280139451.0,0.0,693.0,0.0,838.0,0.0,0.0,418.0,8.0,966.0,16777216.0,1728652.0,0.0,2.0,41.0,45.0,0.0,51.0,857.0,52.0,0.0,0.0,0.0,0.0,0.0,0.0,0.0,0.0,0.0,0.0,0.0,0.0,0.0,31464076.0,30610496.0,23141804.0,23089864.0,1.0,1.0,1.0,1.0,4494868.0,4372928.0,3305972.0,3298552.0,13.0,13.0,13.0,13.0,-1.0,-1.0,-1.0,-1.0,0.003298,0.003303,0.0,0.006857,1.742412,1.946658,0.0,5.690019,1.293939,0.0,0.151908,0.088235,0.0,0.0,0.0,0.0,0.0,53.0,0.0,0.0,1573268.0,0.0,41.0,2149599037.0,0.0,0.0,67108871.0,-1.0,-1.0,-1.0,-1.0,0.285757,2.776902,0.0,0.001639,0.004831,0.008718,0.0,779.185651,779.186562,779.18643,0.0,0.0,0.0,0.0,0.0
f6a704ca84e2bd9a3ed164f47c76d584,980866,1620655318,1620656098,3.1,f1c36f677b8862c72d6191ace48fcb2c,8,781,,,,,,,,,,,,,,,,,,,,,,,,,,,,,,,,,,,,,,,,,,,,,,,,,,,,,,,,,,,,,,,,,,,,,,,,,,,,,,,,,,,,,,,,,,,,,,,,,,,,,,,,,,,,,,,,,,,,,,,,,,,,,,,,,,,,,,,,,,,,,,,,,,,,,,,,,,,,,,,,,,,,,,,,,,,,,,,,,,,,,,,,,,,,,,,,,,,,,,,,,,,,,,,,,,,,,,,,,,,,,,,,,,,,,,,,,,,,,,,,,,,,,,,,,,,,,,,,,,,,,,,,,,,,,,,,,,,,,,,,,,,,,,,,,,,,,,,,,,,,,,,,,,,,,,,,,,,,,,,,,,,,,,,,,,,,,,,,,,,,,,,,,,,,,,,,,,,,,,,85.0,7.0,0.0,982.0,0.0,0.0,16.0,-1.0,0.0,0.0,0.0,0.0,,0.0,1946374699.0,0.0,338163877.0,0.0,629.0,0.0,774.0,0.0,0.0,392.0,8.0,902.0,16777216.0,1123860.0,0.0,2.0,40.0,44.0,0.0,50.0,796.0,50.0,0.0,0.0,0.0,0.0,0.0,0.0,0.0,0.0,0.0,0.0,0.0,0.0,0.0,27374664.0,26227584.0,19842576.0,19787784.0,1.0,1.0,1.0,1.0,4562444.0,4371264.0,3307096.0,3297964.0,12.0,12.0,12.0,12.0,-1.0,-1.0,-1.0,-1.0,0.025671,0.025683,0.0,0.029033,1.839671,2.110351,0.0,5.178304,2.919241,0.0,0.634758,0.091224,0.0,0.0,0.0,0.0,0.0,53.0,0.0,0.0,1573268.0,0.0,41.0,2149599030.0,0.0,0.0,67108871.0,-1.0,-1.0,-1.0,-1.0,0.450626,2.769358,0.0,0.001476,0.026323,0.03072,0.0,779.243446,779.244328,779.244218,0.0,0.0,0.0,0.0,0.0
f6a704ca84e2bd9a3ed164f47c76d584,980853,1620659079,1620659703,3.1,4b25ce0f45a4688241e9635fcbafadc2,8,625,,,,,,,,,,,,,,,,,,,,,,,,,,,,,,,,,,,,,,,,,,,,,,,,,,,,,,,,,,,,,,,,,,,,,,,,,,,,,,,,,,,,,,,,,,,,,,,,,,,,,,,,,,,,,,,,,,,,,,,,,,,,,,,,,,,,,,,,,,,,,,,,,,,,,,,,,,,,,,,,,,,,,,,,,,,,,,,,,,,,,,,,,,,,,,,,,,,,,,,,,,,,,,,,,,,,,,,,,,,,,,,,,,,,,,,,,,,,,,,,,,,,,,,,,,,,,,,,,,,,,,,,,,,,,,,,,,,,,,,,,,,,,,,,,,,,,,,,,,,,,,,,,,,,,,,,,,,,,,,,,,,,,,,,,,,,,,,,,,,,,,,,,,,,,,,,,,,,,,,87.0,7.0,0.0,1048.0,0.0,0.0,16.0,-1.0,0.0,0.0,0.0,0.0,,0.0,2080614859.0,0.0,473471179.0,0.0,693.0,0.0,838.0,0.0,0.0,447.0,8.0,966.0,16777216.0,7678944.0,0.0,2.0,41.0,45.0,0.0,34.0,896.0,30.0,0.0,0.0,0.0,0.0,0.0,0.0,0.0,0.0,0.0,0.0,0.0,0.0,0.0,26876332.0,23891952.0,21137900.0,20677216.0,1.0,1.0,1.0,1.0,3839476.0,3413136.0,3019700.0,2953888.0,13.0,13.0,13.0,13.0,-1.0,-1.0,-1.0,-1.0,0.001636,0.001643,0.0,0.00383,1.613299,1.859322,0.0,5.074717,4.558327,0.0,0.606486,0.123836,0.0,0.0,0.0,0.0,0.0,51.0,0.0,0.0,1048979.0,0.0,40.0,2147501816.0,0.0,0.0,67108871.0,-1.0,-1.0,-1.0,-1.0,0.101532,2.667492,0.0,0.001518,0.001709,0.005593,0.0,623.05077,623.051724,623.051584,0.0,0.0,0.0,0.0,0.0
f6a704ca84e2bd9a3ed164f47c76d584,981243,1620666468,1620667110,3.1,c6d2f9b34452be6837223f846665f5d6,8,643,,,,,,,,,,,,,,,,,,,,,,,,,,,,,,,,,,,,,,,,,,,,,,,,,,,,,,,,,,,,,,,,,,,,,,,,,,,,,,,,,,,,,,,,,,,,,,,,,,,,,,,,,,,,,,,,,,,,,,,,,,,,,,,,,,,,,,,,,,,,,,,,,,,,,,,,,,,,,,,,,,,,,,,,,,,,,,,,,,,,,,,,,,,,,,,,,,,,,,,,,,,,,,,,,,,,,,,,,,,,,,,,,,,,,,,,,,,,,,,,,,,,,,,,,,,,,,,,,,,,,,,,,,,,,,,,,,,,,,,,,,,,,,,,,,,,,,,,,,,,,,,,,,,,,,,,,,,,,,,,,,,,,,,,,,,,,,,,,,,,,,,,,,,,,,,,,,,,,,,37.0,7.0,0.0,262.0,0.0,0.0,16.0,-1.0,0.0,0.0,0.0,0.0,,0.0,1946256100.0,0.0,973710245.0,0.0,157.0,0.0,198.0,0.0,0.0,55.0,8.0,230.0,16777216.0,19415336.0,0.0,3.0,15.0,20.0,0.0,0.0,9.0,199.0,16.0,0.0,0.0,0.0,0.0,0.0,0.0,0.0,0.0,0.0,0.0,0.0,0.0,58246032.0,56567232.0,55368792.0,53277360.0,1.0,1.0,1.0,1.0,9707672.0,9427872.0,9228132.0,8879560.0,12.0,12.0,12.0,12.0,-1.0,-1.0,-1.0,-1.0,0.001591,0.0016,0.0,0.003679,1.074629,1.93842,0.0,4.4587,5.851177,0.0,0.686144,0.171585,0.0,0.0,0.0,0.0,0.0,51.0,0.0,0.0,1048979.0,0.0,40.0,2147501834.0,0.0,0.0,67108871.0,-1.0,-1.0,-1.0,-1.0,0.12515,2.669456,0.0,0.00145,0.001681,0.005362,0.0,642.664729,642.66572,642.665555,0.0,0.0,0.0,0.0,0.0
f6a704ca84e2bd9a3ed164f47c76d584,981152,1620662736,1620662921,3.1,aa3120facb1e839184e922054a699409,8,186,,,,,,,,,,,,,,,,,,,,,,,,,,,,,,,,,,,,,,,,,,,,,,,,,,,,,,,,,,,,,,,,,,,,,,,,,,,,,,,,,,,,,,,,,,,,,,,,,,,,,,,,,,,,,,,,,,,,,,,,,,,,,,,,,,,,,,,,,,,,,,,,,,,,,,,,,,,,,,,,,,,,,,,,,,,,,,,,,,,,,,,,,,,,,,,,,,,,,,,,,,,,,,,,,,,,,,,,,,,,,,,,,,,,,,,,,,,,,,,,,,,,,,,,,,,,,,,,,,,,,,,,,,,,,,,,,,,,,,,,,,,,,,,,,,,,,,,,,,,,,,,,,,,,,,,,,,,,,,,,,,,,,,,,,,,,,,,,,,,,,,,,,,,,,,,,,,,,,,,37.0,7.0,0.0,262.0,0.0,0.0,16.0,-1.0,0.0,0.0,0.0,0.0,,0.0,1946255332.0,0.0,517179831.0,0.0,157.0,0.0,198.0,0.0,0.0,54.0,8.0,230.0,16777216.0,16402416.0,0.0,3.0,15.0,20.0,0.0,0.0,9.0,199.0,16.0,0.0,0.0,0.0,0.0,0.0,0.0,0.0,0.0,0.0,0.0,0.0,0.0,62748120.0,60642480.0,59357688.0,55206768.0,1.0,1.0,1.0,1.0,10458020.0,10107080.0,9892948.0,9201128.0,12.0,12.0,12.0,12.0,-1.0,-1.0,-1.0,-1.0,0.005058,0.005067,0.0,0.01085,0.85541,1.427958,0.0,4.087149,2.6032,0.0,0.115911,0.095727,0.0,0.0,0.0,0.0,0.0,51.0,0.0,0.0,262419.0,0.0,40.0,268445834.0,0.0,0.0,8388615.0,-1.0,-1.0,-1.0,-1.0,0.061803,0.355841,0.0,0.004906,0.005153,0.012612,0.0,184.869546,184.870043,184.869832,0.0,0.0,0.0,0.0,0.0
